Daily,Speed,Temperature,Humidity,WindDirection,Rainfall,Global_Horizontal_Radiation
1/4/2016 0:00,1.977767716,24.10741833,29.03456287,130.9630697,0,6908.691593
2/4/2016 0:00,2.379390548,25.67922413,23.69237454,127.4252579,0,6930.210143
3/4/2016 0:00,2.414335941,23.06370032,23.2744945,165.2625586,0,7069.275125
4/4/2016 0:00,2.073201818,22.71966693,27.0852139,158.6024563,0,6711.993021
5/4/2016 0:00,1.677065038,25.23243635,24.31038351,144.2122842,0,6778.322458
6/4/2016 0:00,2.436721483,29.61478182,15.82439661,115.6399031,0,6712.781397
7/4/2016 0:00,2.342473406,23.85999744,40.78749427,151.6821916,0,4191.075654
8/4/2016 0:00,2.524801915,22.040747,41.95487224,145.0869481,0,6338.630143
9/4/2016 0:00,2.191493576,23.43407118,36.10873026,139.9553952,0,6153.165292
10/4/2016 0:00,2.488689732,23.74177846,33.11935761,145.0894859,0,6338.726227
11/4/2016 0:00,2.777198545,20.35584235,31.03434544,137.3576965,0,6088.091532
12/4/2016 0:00,2.56703476,18.27857352,35.75745331,144.7622642,0,6273.879702
13/04/2016 0:00,2.040584187,18.46534393,36.52711246,136.6140275,0,6201.223502
14/04/2016 0:00,1.748771587,20.23639309,30.06532132,148.3962325,0,5349.882877
15/04/2016 0:00,1.848068173,22.54644768,26.78980321,104.2523479,0,5670.584551
16/04/2016 0:00,2.14543258,20.8640659,28.43512681,175.4618421,0,6272.345977
17/04/2016 0:00,1.946495447,19.30671225,33.12044377,162.8324017,0,6230.518897
18/04/2016 0:00,1.578333535,20.50765007,33.57800817,165.9901395,0,6140.157085
19/04/2016 0:00,1.975077905,23.99470348,24.8654896,123.8949342,0,6099.983482
20/04/2016 0:00,2.373559229,26.62879537,20.14908044,142.7867453,0,6082.020172
21/04/2016 0:00,1.937391476,25.18121333,26.82425967,145.3772617,0,4672.880717
22/04/2016 0:00,2.83052517,24.14980721,35.61579996,133.9777719,0,5780.776509
23/04/2016 0:00,2.425773543,19.99242554,45.89946281,148.2346707,0,5927.986379
24/04/2016 0:00,2.055449103,17.05095089,39.42970514,115.1275134,0,6127.376602
25/04/2016 0:00,1.659751263,17.41572259,34.16238428,137.6625777,0,5999.04145
26/04/2016 0:00,1.666178933,20.38619896,28.35789021,155.217513,0,5959.437681
27/04/2016 0:00,1.78893353,22.33551191,25.74192979,110.7411721,0,5686.218574
28/04/2016 0:00,1.578401615,22.48066037,26.62618045,133.1113997,0,5609.012212
29/04/2016 0:00,2.370222268,25.32877064,27.20402033,181.0587138,0,5468.061902
30/04/2016 0:00,0.300175787,23.75980396,39.93125618,194.6168198,0,4047.71918
1/5/2016 0:00,2.258052766,21.70373303,39.8560557,168.5718767,0,3562.120553
2/5/2016 0:00,-0.065225649,18.22371734,67.09052902,124.4679125,0,2098.744748
3/5/2016 0:00,1.278215638,19.86557951,58.12065012,144.1649107,0,2362.566273
4/5/2016 0:00,1.499418183,19.76619233,42.75533648,125.5625278,0,5391.230237
5/5/2016 0:00,2.022571889,24.19054022,28.32482612,116.8637656,0,4602.463391
6/5/2016 0:00,1.683273457,22.56685736,51.69381556,130.8086943,0,1829.752719
7/5/2016 0:00,2.052821215,17.58991099,89.67251714,143.2677698,0,899.7117338
8/5/2016 0:00,3.328613592,21.46356585,79.17934728,253.2258374,0.200000003,1362.651813
9/5/2016 0:00,1.980629817,16.15849378,58.55722377,228.6114681,0.200000003,3941.407058
10/5/2016 0:00,1.87645457,13.25046956,71.96444371,169.0250997,0.200000003,3944.081291
11/5/2016 0:00,2.035912048,12.0554798,75.87858629,163.3905347,0,4367.610501
12/5/2016 0:00,1.948251297,11.741069,70.22728442,126.8746653,0,5535.270612
13/05/2016 0:00,1.555458691,12.98427967,66.32949225,132.3036814,0,5475.390822
14/05/2016 0:00,1.31975639,14.62778513,54.66546886,163.7738381,0,5445.323918
15/05/2016 0:00,1.509183119,16.59085111,51.66021201,141.2968974,0,5347.121924
16/05/2016 0:00,1.445247429,16.9325981,46.17676034,137.0080509,0,5349.354478
17/05/2016 0:00,1.551988853,16.59444103,45.25921049,153.0507599,0,5307.985145
18/05/2016 0:00,1.288105759,14.06950221,59.85214977,178.6819424,0,2090.494698
19/05/2016 0:00,1.994977122,15.22303837,57.46606583,109.038158,0,4665.46102
20/05/2016 0:00,1.611982676,16.0142293,53.23799923,142.9811338,0,3083.280836
21/05/2016 0:00,1.865647974,19.27473132,44.62155028,108.771885,0,4848.545262
22/05/2016 0:00,2.302354401,22.5865566,38.17290141,88.69253591,0,4808.623856
23/05/2016 0:00,2.7383511,17.97343015,43.46203024,151.3058075,0,4627.843054
24/05/2016 0:00,1.847824434,16.61584812,49.96543803,135.9093764,0,4643.15257
25/05/2016 0:00,2.225818169,21.72831286,51.07211041,196.0063763,0,4691.351838
26/05/2016 0:00,1.951351322,23.28623775,48.24559226,196.4184123,0,4540.125431
27/05/2016 0:00,2.389310682,17.59639382,51.99918382,167.5539526,0,3786.916537
28/05/2016 0:00,1.700623049,15.80844124,44.80702243,125.8400692,0,3786.255835
29/05/2016 0:00,1.736308,18.81707739,40.9950766,163.5891722,0,4300.480838
30/05/2016 0:00,1.947771627,16.11078336,88.99118405,127.0518613,0,1344.464873
31/05/2016 0:00,2.256805823,18.03125463,76.76438272,84.62371937,0,2763.258654
1/6/2016 0:00,2.177928083,17.95225524,76.7793017,118.031965,0,4275.735323
2/6/2016 0:00,1.927644119,17.29814112,86.5864241,128.95752,0,1786.539562
3/6/2016 0:00,2.045390557,14.04876409,93.888305,116.8656262,0,1690.52188
4/6/2016 0:00,1.273797049,11.2753278,84.69692885,121.0141012,0,4159.012583
5/6/2016 0:00,1.454890003,15.2641862,63.89380465,181.9070693,0,4128.307028
6/6/2016 0:00,1.698213146,16.97116884,68.65294593,114.9438516,0,2826.984231
7/6/2016 0:00,3.090276568,22.70518591,54.98132654,190.8584466,0,3971.108595
8/6/2016 0:00,2.937101607,20.21737189,61.86147859,217.1688611,0,3061.956343
9/6/2016 0:00,2.230814412,12.08343302,59.47791178,203.5984532,0,4598.278052
10/6/2016 0:00,1.977957794,10.78308249,69.24050683,170.1895404,0,2262.623851
11/6/2016 0:00,2.465103496,10.4009892,66.60429023,149.5843144,0,4056.007929
12/6/2016 0:00,2.701859741,10.09275495,67.65816863,147.5742036,0,4864.360422
13/06/2016 0:00,2.287648696,9.438612008,72.55562686,150.0850534,0,4710.023702
14/06/2016 0:00,1.767173987,12.50075357,73.93896266,127.0175494,0,4102.89434
15/06/2016 0:00,2.207189476,17.31007241,70.00587155,116.2055247,0,3986.980574
16/06/2016 0:00,2.921381867,20.61719368,59.98707635,225.9253437,0,3574.102451
17/06/2016 0:00,2.200057182,17.41568197,90.16741668,166.8609368,0.200000003,3708.883243
18/06/2016 0:00,2,35,64,10,0,4766
19/06/2016 0:00,5,2,54,339,1,2439
20/06/2016 0:00,0,17,55,277,2,3347
21/06/2016 0:00,3,14,58,303,0,2174
22/06/2016 0:00,0,23,63,190,1,3478
23/06/2016 0:00,2,20,85,325,1,2507
24/06/2016 0:00,5,17,90,275,0,7964
25/06/2016 0:00,4,12,39,126,1,3926
26/06/2016 0:00,3,21,25,12,1,6930
27/06/2016 0:00,2,8,24,273,0,8939
28/06/2016 0:00,5,18,19,249,2,6914
29/06/2016 0:00,2,13,36,30,1,4602
30/06/2016 0:00,5,35,72,100,1,1751
1/7/2016 0:00,0,34,23,230,1,6724
2/7/2016 0:00,4,38,0,127,1,2613
3/7/2016 0:00,4,33,12,249,0,3890
4/7/2016 0:00,1,21,46,81,0,7997
5/7/2016 0:00,2.57582238,6.769886937,65.10185469,171.6192831,0.600000024,1367.949885
6/7/2016 0:00,2.023042571,7.399406292,68.99175851,170.4174672,0,4576.421417
7/7/2016 0:00,2.349603107,12.54638727,52.41135459,152.9510033,0,4225.352992
8/7/2016 0:00,2.716043837,15.89751665,44.8861123,159.6835399,0,4595.224301
9/7/2016 0:00,5.148027617,20.52245775,35.78548606,176.5113475,0,4286.187861
10/7/2016 0:00,4.105650666,20.36220034,41.77138319,221.1830293,0,2956.341658
11/7/2016 0:00,1.886148041,15.16227941,50.09306276,167.3069016,0,3674.60574
12/7/2016 0:00,2.163553943,10.81891215,53.0922271,331.7901761,0,2059.87979
13/07/2016 0:00,3.090229209,7.624399864,61.68922108,148.384144,0,1823.062653
14/07/2016 0:00,2.539432281,4.654448388,63.21866892,155.0605876,0,5114.913453
15/07/2016 0:00,2.333406829,4.699534454,54.80267805,184.265073,0,5149.231096
16/07/2016 0:00,2.21813713,5.26109346,51.74844342,182.2985422,0,5186.522986
17/07/2016 0:00,2.006195568,7.63811517,55.83801754,209.1151837,0,4861.718179
18/07/2016 0:00,2.019465632,12.10594005,67.52859122,162.4475746,0,4300.885109
19/07/2016 0:00,1.631426878,14.83360058,74.70415392,186.701776,0,3398.61779
20/07/2016 0:00,1.869115809,15.8999006,71.13973074,293.6951992,0,5109.483537
21/07/2016 0:00,2.327554429,18.01229038,54.5853954,232.5097213,0,4929.230502
22/07/2016 0:00,2.103723989,19.08372661,47.44762418,266.3626703,0,4922.172294
23/07/2016 0:00,2.277823848,15.1352868,45.71588898,159.7943988,0,4722.58152
24/07/2016 0:00,1.878279966,13.8069885,44.15564787,202.6695467,0,3766.51805
25/07/2016 0:00,2.00570085,11.83283131,46.84668008,129.2387567,0,3208.18807
26/07/2016 0:00,1.746886572,12.30594849,46.9951864,140.0782418,0,3381.234077
27/07/2016 0:00,2.287479184,9.581118409,55.35675053,190.326522,0,5248.789737
28/07/2016 0:00,2.047135108,9.358050568,58.76293793,181.9359325,0,5269.302439
29/07/2016 0:00,1.642117431,10.43207271,53.96877813,171.5551819,0,5380.024121
30/07/2016 0:00,1.514847276,12.40872552,44.03293991,225.1257156,0,5413.524824
31/07/2016 0:00,1.566962516,16.42094149,30.98931935,234.315651,0,5197.237847
1/8/2016 0:00,2.731798931,14.74251983,39.82704953,200.9236051,0,5148.596169
2/8/2016 0:00,3.382150309,9.113737831,49.38768852,158.8619255,0,5502.46067
3/8/2016 0:00,2.599967219,6.784410937,49.92718763,181.684992,0,5546.946034
4/8/2016 0:00,2.073516606,7.097175701,53.3876291,168.8179018,0,5549.478774
5/8/2016 0:00,2.000303164,8.071730441,48.57622494,154.5931038,0,5633.442717
6/8/2016 0:00,1.631641583,10.25942642,41.91875137,184.089461,0,5589.448302
7/8/2016 0:00,1.441421747,12.63904695,39.89710672,226.0889148,0,5604.050018
8/8/2016 0:00,1.665829324,15.66952956,33.82906414,204.5357275,0,5498.160708
9/8/2016 0:00,2.515629514,20.9272675,22.77946477,305.1615608,0,4653.374951
10/8/2016 0:00,2.803059892,17.57637952,36.99928908,157.1876096,0,4876.494274
11/8/2016 0:00,2.14183275,12.75755033,42.06853274,131.2273094,0,5608.905805
12/8/2016 0:00,1.916433442,15.70175269,39.05673819,238.1306399,0,5669.456104
13/08/2016 0:00,3.429893797,18.09384107,26.32761003,97.47598796,0,4975.989266
14/08/2016 0:00,2.322824159,14.94012844,32.46312951,140.5284605,0.200000003,2543.976537
15/08/2016 0:00,2.18976821,14.27968725,30.0750059,130.9666048,0,5848.013564
16/08/2016 0:00,1.65530907,14.92050626,38.96991211,170.2534545,0,5947.215115
17/08/2016 0:00,2.100373546,15.95474689,41.66757935,165.5115825,0,6026.944765
18/08/2016 0:00,2.030119916,19.29370204,35.59719759,227.5828581,0,5972.14129
19/08/2016 0:00,2.446688069,15.83156128,35.42016908,187.5018586,0,6009.804678
20/08/2016 0:00,2.425459445,12.93361403,33.79525201,142.4175434,0,6143.373655
21/08/2016 0:00,3.191916587,15.42509554,57.09338227,238.0412501,4.400000095,3960.058878
22/08/2016 0:00,2.425817194,13.72044095,81.82351155,149.6619281,0.200000003,4781.895662
23/08/2016 0:00,2.223195987,12.14479626,88.85065614,146.7038716,0,1366.833159
24/08/2016 0:00,2.006314819,10.25444802,61.2147477,184.129366,0,6446.61073
25/08/2016 0:00,1.697701882,11.09966151,48.4254174,233.9613269,0,6187.735103
26/08/2016 0:00,1.591161392,10.15294282,51.10463178,204.5673146,0,6497.741057
27/08/2016 0:00,2.158866411,14.58608591,38.65840691,226.4076063,0,6450.48485
28/08/2016 0:00,4.327365629,21.02892091,24.60887042,276.0180779,0,6329.517661
29/08/2016 0:00,3.944146633,22.20393984,23.74772435,262.7856151,0,1884.371311
30/08/2016 0:00,1.833083978,17.77092469,88.4754133,189.6300454,18.00000191,990.133721
31/08/2016 0:00,1.961657604,18.50250283,76.79779855,173.5969112,0.400000006,4734.276629
1/9/2016 0:00,3.128104419,18.86220334,78.46915646,254.8815447,1.800000191,3580.883869
2/9/2016 0:00,2.235728574,14.01483037,72.35005342,204.342342,0,2304.401178
3/9/2016 0:00,2.01819318,13.62779966,72.34762296,165.9395304,0,5153.54222
4/9/2016 0:00,2.602569676,13.32139648,60.80119239,112.8396473,0,6591.684757
5/9/2016 0:00,1.957909922,13.14031855,59.90477626,141.8565592,0,6913.636335
6/9/2016 0:00,1.671619587,15.20110466,50.93218508,154.0181107,0,6800.632204
7/9/2016 0:00,1.778191762,19.45316395,46.82207446,134.4015155,0,6614.518478
8/9/2016 0:00,2.628745594,24.71185811,36.47596277,210.2768491,0,6379.173143
9/9/2016 0:00,2.47780889,17.8778075,35.65495941,160.4946811,0,6986.55453
10/9/2016 0:00,2.262307387,15.15768523,40.73922886,134.4326368,0,6979.258553
11/9/2016 0:00,2.252153225,22.07693363,28.45105272,158.58558,0,6334.859723
12/9/2016 0:00,2.401813613,20.75939234,34.67598939,214.6459905,0,3506.073804
13/09/2016 0:00,3.065850548,18.85737968,50.22201699,135.543388,0.800000012,5434.124295
14/09/2016 0:00,2.606845258,10.86608378,79.15088189,120.7502003,7.200000286,3238.486153
15/09/2016 0:00,1.814611094,13.63805885,62.87263291,139.5590706,0,6473.392635
16/09/2016 0:00,2.524090124,18.37277953,61.03187952,145.2481629,2.800000191,6476.571939
17/09/2016 0:00,2.326085912,19.79213614,72.8911389,250.8347608,19.6000042,2201.302811
18/09/2016 0:00,2.164158745,13.77662829,59.27522389,134.9234972,0,6682.476534
19/09/2016 0:00,2.93903117,16.7663107,75.95936533,292.0505505,10.79999828,5701.188555
20/09/2016 0:00,2.809021252,18.24117356,55.83698809,228.8027213,8.399999619,7038.796232
21/09/2016 0:00,1.994804337,13.41632659,55.17583912,139.629981,0,7608.104309
22/09/2016 0:00,2.183335133,15.67316265,49.94513397,146.2249785,0,7751.864449
23/09/2016 0:00,3.534011109,21.0481398,39.43466649,273.7223756,0,6193.39428
24/09/2016 0:00,2.520698401,21.10639048,50.82545916,241.2565399,0.400000006,4354.073233
25/09/2016 0:00,2.554205415,17.91825113,49.12520882,116.2019065,0,7520.715683
26/09/2016 0:00,2.021434305,18.35392524,56.67591564,150.474604,4.799999714,2915.899984
27/09/2016 0:00,4.332484454,19.40741335,69.78153858,304.1019908,0.400000006,3805.820917
28/09/2016 0:00,3.754043249,20.84952772,64.72514096,311.2390951,2.000000238,2129.465439
29/09/2016 0:00,2.4249466,15.37042389,26.99438714,247.5951124,0,8378.496418
30/09/2016 0:00,1.974380452,15.63863915,36.41107107,240.2010149,0,8213.263365
1/10/2016 0:00,3.079500961,22.82930883,26.85654666,312.8945156,0,5231.05897
2/10/2016 0:00,4.51014645,25.11244254,37.5720448,277.4987815,0,5850.843304
3/10/2016 0:00,2.282201918,16.65725911,20.82045675,204.4003559,0,8449.861722
4/10/2016 0:00,1.788074474,17.97172253,27.53314394,208.5709767,0,8349.748652
5/10/2016 0:00,2.285925741,18.95256466,28.1976096,155.4836837,0,8281.353121
6/10/2016 0:00,2.352031847,22.58882889,20.40356398,120.2098189,0,8328.317
7/10/2016 0:00,2.505164933,24.13055028,19.62900196,208.6323925,0,8321.647412
8/10/2016 0:00,2.781401045,26.69129999,15.80364624,266.3543905,0,8314.223492
9/10/2016 0:00,3.787897765,28.9867139,15.31202093,324.5296988,0,8226.478863
10/10/2016 0:00,3.716346197,24.34309516,27.87991656,169.7838983,0,7935.946172
11/10/2016 0:00,3.922135581,17.71385598,27.4688208,132.0283808,0,7942.557948
12/10/2016 0:00,2.47959405,16.0580894,27.70431087,160.6037753,0,8625.842007
13/10/2016 0:00,2.257583375,16.96995578,30.88839143,176.5238042,0,8478.819487
14/10/2016 0:00,2.140606174,18.08627789,30.87229141,146.5557853,0,8509.956244
15/10/2016 0:00,2.804125868,23.19396406,19.68816893,297.0781524,0,8601.527505
16/10/2016 0:00,3.851044755,25.19610398,17.12709817,284.6016192,0,8186.206767
17/10/2016 0:00,2.863435885,16.81905212,23.74493743,145.4248026,0,8802.448499
18/10/2016 0:00,2.120192358,17.953264,24.64388024,169.6359922,0,8745.029215
19/10/2016 0:00,2.985116921,23.07804751,14.25729067,110.5776628,0,6467.830739
20/10/2016 0:00,2.85175938,25.07030663,17.33634509,182.3773959,0,5017.30238
21/10/2016 0:00,2.536711806,19.82188547,64.80314665,229.6958562,3.400000572,2381.307061
22/10/2016 0:00,2,14.66445098,54.86158513,229.6414003,0,5215.348553
23/10/2016 0:00,5,13.58354068,36.76923303,320.7104344,0,8924.341867
24/10/2016 0:00,2,16.41864314,29.46949289,289.6895748,0,9106.560324
25/10/2016 0:00,1,24.21398648,14.54153082,336.8551473,0,9152.985828
26/10/2016 0:00,4,28.32720804,10.68077285,310.3990191,0,8904.273208
27/10/2016 0:00,4,24.87248521,28.31773448,278.8433043,0,8365.821131
28/10/2016 0:00,2,25.24470394,21.35629314,319.432775,0,8025.078837
29/10/2016 0:00,2,29.96611645,17.4584929,331.1348297,0,7963.281545
30/10/2016 0:00,1,29.97298428,27.01269921,272.8480013,0,6396.18589
31/10/2016 0:00,1,23.6415542,30.90297537,275.7046953,0,6980.620301
1/11/2016 0:00,5,23.17313384,22.06093092,314.1322523,0,5817.403594
2/11/2016 0:00,4,21.25044261,28.05286896,315.5574762,0,2980.952432
3/11/2016 0:00,2,23.54138822,30.35372307,284.0967089,0,7495.512368
4/11/2016 0:00,3,25.80770133,24.0438848,284.8378769,0,8133.078003
5/11/2016 0:00,3,26.32262028,17.25307761,262.9929472,0,9085.667901
6/11/2016 0:00,1,26.48014196,17.05533349,289.946708,0,8919.782265
7/11/2016 0:00,2,31.41070091,11.95230789,353.2883662,0,8890.851718
8/11/2016 0:00,4,29.69907665,22.8173202,286.3750758,0,7844.115941
9/11/2016 0:00,1,30.0391184,25.56100567,301.7618703,0,7961.293519
10/11/2016 0:00,4,31.78184972,30.83693696,316.5145883,0,4502.231491
11/11/2016 0:00,2,30.17571264,36.6251684,336.852768,0.200000003,6815.732367
12/11/2016 0:00,4,29.51053139,33.93713079,255.8546796,0,8384.212965
13/11/2016 0:00,4,22.7406485,30.55949504,239.5516915,0,8903.063595
14/11/2016 0:00,3,20.2388496,22.90437396,268.9030365,0,9265.714402
15/11/2016 0:00,2,21.54991499,21.12120443,274.4865371,0,9272.618356
16/11/2016 0:00,3,24.41974538,15.43582993,271.9636588,0,9360.551806
17/11/2016 0:00,4,28.67440759,11.45940873,305.8061718,0,9379.841113
18/11/2016 0:00,3,30.23444425,11.28130889,322.5347925,0,6492.426571
19/11/2016 0:00,1,27.79875953,31.8220466,262.6044099,0,7749.514187
20/11/2016 0:00,3,30.18505668,24.2701867,252.218097,0,8012.642865
21/11/2016 0:00,4,30.88117891,28.02860622,359.2639136,0,6585.510553
22/11/2016 0:00,1,27.14074967,39.93087554,314.86127,0,5468.307361
23/11/2016 0:00,5,27.29935471,35.83816717,220.319556,0.400000006,7633.119273
24/11/2016 0:00,3,22.58729623,55.03043948,267.6364192,5.399999142,7859.908204
25/11/2016 0:00,3,20.32221364,35.84052474,333.4335664,0,5535.454656
26/11/2016 0:00,5,22.92990636,28.26482143,278.4683497,0,9148.593908
27/11/2016 0:00,1,24.18686272,22.03660398,312.9418693,0,9316.268888
28/11/2016 0:00,2,25.52926464,17.25612111,321.0638125,0,9519.657919
29/11/2016 0:00,5,28.59578716,11.88473828,236.4091175,0,9433.813658
30/11/2016 0:00,1,30.31250897,11.63945399,330.9479167,0,8852.239321
1/12/2016 0:00,5,33.48519321,9.891724426,332.5129095,0,7612.810111
2/12/2016 0:00,1,33.94513303,15.22997548,336.068081,0,6221.863038
3/12/2016 0:00,2,31.19057855,32.32710162,314.5693388,5.999999523,6241.810501
4/12/2016 0:00,1,26.81995345,60.31474311,308.1015561,4.599999905,5302.046982
5/12/2016 0:00,5,25.31416278,67.38756679,295.8013562,0.200000003,4297.844111
7/12/2016 0:00,5,25.19720799,70.36900871,303.1723553,0,5356.986926
8/12/2016 0:00,5,21.6657045,88.55528662,257.952052,22.20000648,1459.281045
9/12/2016 0:00,4,21.53521913,50.57453042,302.7804698,0,8866.60388
10/12/2016 0:00,5,21.42697259,41.48546257,310.3671406,0,9640.50485
11/12/2016 0:00,1,22.60974708,34.28908439,293.3897646,0,9745.468846
12/12/2016 0:00,4,26.38031637,34.32324632,306.2707652,0,9318.767137
13/12/2016 0:00,2,32.51677556,23.22491694,296.226547,0,8513.898305
14/12/2016 0:00,5,30.56655484,30.13318862,312.8344454,0.200000003,5337.725858
15/12/2016 0:00,5,27.76153863,43.53956452,273.4948738,0,8861.868501
16/12/2016 0:00,5,30.51803346,38.54032824,305.7620893,0,8569.368139
17/12/2016 0:00,3,31.5896305,35.7582713,302.1256788,0,8539.559434
18/12/2016 0:00,4,30.80755599,24.15799462,302.5259712,0,8844.868685
19/12/2016 0:00,3,33.05092465,23.28295215,318.2939922,0,8209.431872
20/12/2016 0:00,3,32.17957654,30.01013331,274.7100437,0,5730.577026
21/12/2016 0:00,1,29.56705835,45.23317624,294.3440465,0.200000003,3637.922902
22/12/2016 0:00,4,26.99113599,63.12341609,306.2001817,4.400000095,5099.303422
23/12/2016 0:00,3,24.70657878,74.87058581,311.8722961,5.999998569,2326.190348
24/12/2016 0:00,4,24.60392278,76.87030052,307.8903875,3.400000334,3198.412718
25/12/2016 0:00,5,25.19145417,73.77734289,307.6440623,0.800000012,3533.740357
26/12/2016 0:00,2,25.62734306,75.59858339,322.2808304,10.39999866,2275.147389
27/12/2016 0:00,2,25.01472217,85.03408746,335.6011527,65.99996948,3389.861126
28/12/2016 0:00,1,29.0795081,61.77629891,336.7071541,3.800000429,8453.597121
29/12/2016 0:00,5,28.26954214,69.31046082,283.6946107,3.200000286,7334.53078
30/12/2016 0:00,3,26.84302611,69.02818486,264.2396019,4.000000477,5628.37909
31/12/2016 0:00,3,25.57984817,73.99276017,291.3825917,2.200000048,3303.344523
1/1/2017 0:00,1,24.98317341,60.9775073,239.3438317,0,2653.16259
2/1/2017 0:00,1,26.26976009,35.99931268,150.9396836,0,7981.126253
3/1/2017 0:00,2,26.12370975,41.55123152,176.2088446,0,8895.961027
4/1/2017 0:00,5,28.62464617,37.0813743,241.1774833,0,8798.566445
5/1/2017 0:00,4,29.75754258,51.21757042,168.2574074,2,6943.526209
6/1/2017 0:00,4,30.38615741,49.70886901,125.4885787,0,8257.697765
7/1/2017 0:00,1,31.37075113,37.62901153,173.4436983,0,7722.481463
8/1/2017 0:00,2,30.54050075,36.44519938,204.224078,0,8449.053908
9/1/2017 0:00,5,31.85103741,37.66093308,147.1322221,0,8205.420795
10/1/2017 0:00,2,31.73927748,41.56816553,231.7133565,0,5943.874029
11/1/2017 0:00,3,29.79500443,57.45676752,262.7578754,2.600000143,5311.485029
12/1/2017 0:00,4,32.20118415,49.82244738,330.8307745,0,7475.553081
13/01/2017 0:00,5,29.71481095,61.35118988,319.6557555,3.600000143,6418.168996
14/01/2017 0:00,2,23.95476665,77.60580917,276.8736938,32.60000992,3425.712101
15/01/2017 0:00,1,24.33588245,66.92208591,298.0202719,0.400000006,5530.415271
16/01/2017 0:00,4,28.32961258,53.3898162,273.1644036,0,8898.535977
17/01/2017 0:00,5,30.35085708,54.04152266,246.379379,0,7519.133065
18/01/2017 0:00,2,29.75133033,58.29876824,314.6659087,0,6525.685059
19/01/2017 0:00,5,30.78130014,51.74297232,310.5395116,0,7324.701338
20/01/2017 0:00,3,31.720601,48.83094497,298.4864906,0,8068.862918
21/01/2017 0:00,4,29.20432896,58.66008588,261.5772618,0,5541.221468
22/01/2017 0:00,4,30.0354057,54.2933565,290.7445791,5.599999428,5971.569672
23/01/2017 0:00,2,27.51691728,71.23662431,285.0998178,36.40000153,5750.551066
24/01/2017 0:00,2,26.43561894,75.27163237,256.0425432,5.799999714,5032.673808
25/01/2017 0:00,5,24.24818644,89.44147322,217.2536631,14.59999561,4289.627832
26/01/2017 0:00,1,26.5437563,77.66423992,203.7114551,4.400000095,6065.61178
27/01/2017 0:00,3,28.91945277,58.75648442,198.6789103,0,8537.620555
28/01/2017 0:00,4,29.94872279,52.00619568,220.5538133,0,7645.520501
29/01/2017 0:00,4,30.60921197,45.9096418,250.5542468,0,8473.788364
30/01/2017 0:00,4,31.05154898,41.31532416,312.0326505,0,8476.019448
31/01/2017 0:00,4,31.19553004,41.60330116,306.1431945,0,7864.32532
1/2/2017 0:00,5,31.8271594,38.6084485,307.8328415,0,7967.116056
2/2/2017 0:00,2,27.96984927,56.16949632,236.1519965,3.000000238,5221.866078
3/2/2017 0:00,1,28.65012634,49.82326892,243.7766952,0,6119.669643
4/2/2017 0:00,4,31.86667219,38.95418609,319.1348083,0,8111.366466
5/2/2017 0:00,4,32.14101147,40.04909054,319.7743259,0,7440.422607
6/2/2017 0:00,1,31.12440732,47.2839797,338.572157,1.200000048,6871.619749
7/2/2017 0:00,5,32.12326017,44.78164149,331.718517,0,7954.727512
8/2/2017 0:00,3,33.64634434,35.24113238,330.7946473,0,8473.407766
9/2/2017 0:00,3,32.19244185,35.16699988,322.7493042,0.400000006,6599.407154
10/2/2017 0:00,4,31.46460746,37.32900701,327.6895074,0,7269.380639
11/2/2017 0:00,4,32.49813524,32.23034794,308.516251,0,7321.905023
12/2/2017 0:00,1,34.3424198,28.99303124,313.728204,0,6911.287919
13/02/2017 0:00,4,29.59703408,25.58436914,317.1402611,0,8362.999062
14/02/2017 0:00,4,27.8611794,18.76763505,305.8743659,0,8396.209834
15/02/2017 0:00,5,27.96759799,19.7363917,325.2392719,0,8603.375999
16/02/2017 0:00,3,28.01053938,19.71345527,330.2210151,0,8974.029607
17/02/2017 0:00,1,29.59076281,18.41202994,329.6726896,0,8769.897733
18/02/2017 0:00,4,27.51395182,23.58755696,314.9628133,0,8480.275316
19/02/2017 0:00,3,23.06145178,25.43710425,293.8264822,0,8829.420858
20/02/2017 0:00,3,20.65675937,25.5534012,308.7516327,0,9003.589294
21/02/2017 0:00,4,23.29259698,23.06864377,322.9251504,0,8936.455843
22/02/2017 0:00,1,27.73677014,15.68998038,329.5998947,0,8824.849593
23/02/2017 0:00,5,27.9246592,19.81172112,324.1965573,0,8332.668149
24/02/2017 0:00,2,28.0903023,22.44809161,311.7863557,0,7137.917301
25/02/2017 0:00,2,27.63093482,22.85380998,319.1614653,0,8178.096421
26/02/2017 0:00,5,26.56438516,22.23279021,320.236406,0,8323.977945
27/02/2017 0:00,1,25.38275542,17.42129762,326.2904459,0,8759.840931
28/02/2017 0:00,4,25.89148307,16.214584,330.4909325,0,8761.252615
1/3/2017 0:00,1,28.98766796,18.06723999,247.3620341,0,8143.861493
2/3/2017 0:00,2,29.58168046,17.63097839,204.6357383,0,8047.124169
3/3/2017 0:00,2,27.87751481,21.8539456,176.9389842,0,7349.048046
4/3/2017 0:00,2,28.38454453,20.8387517,168.5782228,0,8279.562015
5/3/2017 0:00,1,28.16931071,19.46681988,173.0988255,0,8226.124829
6/3/2017 0:00,2,27.54161119,20.9003837,182.3852002,0,6135.160127
7/3/2017 0:00,2,26.70079201,25.72463058,241.3845569,0,2357.228952
8/3/2017 0:00,1,26.45886523,36.08098569,294.6302813,0,3151.775473
9/3/2017 0:00,3,27.98858005,33.91655053,243.8772109,0,6443.656939
10/3/2017 0:00,4,28.33847987,23.07630888,273.6739048,0,7832.987721
11/3/2017 0:00,5,29.73506906,17.01340638,243.8419758,0,7820.343167
12/3/2017 0:00,1,29.64936156,20.8253069,225.8224614,0,6832.849692
13/03/2017 0:00,5,27.2812746,24.28062274,173.3722251,0,7280.054753
14/03/2017 0:00,4,27.46328858,25.35067428,272.2266444,0,7795.390499
15/03/2017 0:00,1,29.00864777,21.04679111,280.5193511,0,7730.206078
16/03/2017 0:00,2,29.79337985,18.77877506,206.7303584,0,7546.531177
17/03/2017 0:00,5,27.4565955,26.97531097,197.7924705,0,7536.554241
18/03/2017 0:00,2,27.92253015,26.31374643,203.2013252,0,7778.160707
19/03/2017 0:00,1,27.29792172,22.5010455,230.4166451,0,7819.047195
20/03/2017 0:00,2,28.376578,17.98353968,227.643154,0,7809.338703
21/03/2017 0:00,5,29.49527689,18.84759349,205.829797,0,7487.956227
22/03/2017 0:00,5,29.87277048,25.64752845,160.9747092,0,7282.06133
23/03/2017 0:00,1,29.7631156,23.44977251,179.7165081,0,7469.465073
24/03/2017 0:00,2,29.07961435,22.91016327,229.2971115,0,7516.786921
25/03/2017 0:00,2,27.69149162,22.29634667,256.3343589,0,7571.431419
26/03/2017 0:00,1,31.61295333,21.87438643,263.9508739,0,5322.809165
27/03/2017 0:00,2,33.51106619,29.42875825,220.9570647,0,4609.370633
28/03/2017 0:00,1,30.30845712,25.74990732,167.4068484,0,6973.115421
29/03/2017 0:00,3,30.61584201,20.48361016,171.9383879,0,6038.066844
30/03/2017 0:00,2,22.69532319,28.7061296,222.8689598,0,6913.906602
31/03/2017 0:00,4,18.79168587,24.65763173,236.8270987,0,6984.054178
1/4/2017 0:00,1,18.08753056,27.52001024,249.5545027,0,7338.701182
2/4/2017 0:00,2,18.73537681,26.79864417,243.2777192,0,7287.209806
3/4/2017 0:00,4,17.95389243,30.55069893,256.0980251,0,7295.30904
4/4/2017 0:00,2,18.28128225,29.32280567,249.410081,0,7175.806633
5/4/2017 0:00,5,19.91837638,27.29357988,264.2166161,0,7155.891804
6/4/2017 0:00,5,20.20989853,24.69533199,264.4289348,0,7071.611559
7/4/2017 0:00,2,23.71101412,23.73204155,272.8265702,0,6867.863001
8/4/2017 0:00,4,25.67820703,19.71482249,281.9871616,0,6846.246092
9/4/2017 0:00,2,21.89913128,29.71299116,256.1593531,0,6697.194991
10/4/2017 0:00,4,17.20369693,35.72178369,229.4916816,0,6968.755958
11/4/2017 0:00,5,15.09465209,33.87675726,247.45952,0,7084.217308
12/4/2017 0:00,5,15.76491507,30.36285565,260.1980458,0,6997.320509
13/04/2017 0:00,4,16.81230265,26.81219086,271.0638363,0,6979.208456
14/04/2017 0:00,5,17.9417579,26.39988938,269.0748553,0,5814.719241
15/04/2017 0:00,1,21.9706724,21.28910696,278.1578111,0,5360.951793
16/04/2017 0:00,4,24.47687746,19.61848142,274.5993974,0,5082.138929
17/04/2017 0:00,3,25.07425574,20.14059102,272.7593038,0,3800.929018
18/04/2017 0:00,4,24.64569296,32.83601328,273.4133488,0,5273.093454
19/04/2017 0:00,1,22.73032147,55.88097302,274.8103789,0,1578.282924
20/04/2017 0:00,1,24.11325389,50.18169531,274.094063,0,3246.771447
21/04/2017 0:00,2,25.59326039,39.59482687,292.3254777,0,4422.933745
22/04/2017 0:00,5,24.06702075,43.09406417,262.7472402,0,5974.849092
23/04/2017 0:00,1,25.05846172,40.03363276,242.0231831,0,5361.614813
24/04/2017 0:00,5,27.92281681,29.17663834,249.4533477,0,4479.492701
25/04/2017 0:00,5,22.76257245,57.43819369,218.8726341,0,4390.538079
26/04/2017 0:00,2,18.91353662,42.08447971,269.7347493,0,5859.84125
27/04/2017 0:00,4,14.1186046,43.0587032,266.350004,0,6142.837918
28/04/2017 0:00,4,12.43856053,42.21444388,261.4455998,0,5682.18899
29/04/2017 0:00,5,12.48013269,46.19229788,258.3721029,0,6164.144678
30/04/2017 0:00,5,16.08018546,36.96615993,202.6302633,0,3659.59607
1/5/2017 0:00,2,17.22484508,36.93004811,239.4699436,0,5682.409839
2/5/2017 0:00,1,14.75619924,43.11036893,206.2189181,0,5931.823654
3/5/2017 0:00,4,14.3401235,51.29573202,176.2857168,0,5861.465338
4/5/2017 0:00,5,13.0939764,45.51809415,203.4136331,0,6051.0887
5/5/2017 0:00,5,15.41931841,41.66891542,252.1071654,0,5796.565475
6/5/2017 0:00,3,18.27681581,44.15833428,240.5493986,0,5161.737058
7/5/2017 0:00,3,16.80508076,33.58408281,219.0283893,0,5726.961502
8/5/2017 0:00,5,14.53931376,36.21714724,240.6947643,0,5719.651006
9/5/2017 0:00,2,12.51688338,39.52716672,245.2704246,0,5653.202918
10/5/2017 0:00,1,11.57106167,35.48866982,236.6867201,0,5631.347135
11/5/2017 0:00,4,13.18594418,29.7734573,308.4791556,0,5662.77846
12/5/2017 0:00,3,14.78362286,27.53022788,273.5856304,0,5332.565872
13/05/2017 0:00,1,17.31622275,25.78730753,279.8218793,0,5342.116207
14/05/2017 0:00,5,18.16927496,24.91503877,261.2260825,0,5298.446501
15/05/2017 0:00,2,18.86055915,25.35348082,275.8186367,0,5188.698044
16/05/2017 0:00,3,23.22611659,21.52277991,258.3863792,0,5138.095905
17/05/2017 0:00,5,21.80009728,27.8577834,183.7124573,0,4738.644162
18/05/2017 0:00,2,15.76090061,50.04070692,138.8268924,0,5089.279718
19/05/2017 0:00,4,13.79575975,49.51284181,261.7473385,0,5121.15278
20/05/2017 0:00,4,14.73896542,43.51344252,293.7092076,0,4335.912333
21/05/2017 0:00,2,18.95396534,31.48237229,286.487128,0,4982.81969
22/05/2017 0:00,4,22.70886824,25.17604915,317.1744233,0,4939.631392
23/05/2017 0:00,1,20.93571863,32.66890499,294.0973527,0,4719.953676
24/05/2017 0:00,5,16.66752789,42.81324504,303.13256,0,4644.674396
25/05/2017 0:00,4,17.81061273,34.99258591,327.2788257,0,4382.346837
26/05/2017 0:00,5,17.75310872,33.81126155,314.0215369,0,4432.723151
27/05/2017 0:00,1,20.95990301,28.39042038,287.4621447,0,3018.987746
28/05/2017 0:00,4,16.208327,29.93336314,286.5154081,0,4826.476948
29/05/2017 0:00,1,13.36956807,47.7881034,263.562211,0,4376.087293
30/05/2017 0:00,2,11.99503344,51.43495725,259.7813156,0,4233.627842
31/05/2017 0:00,1,10.44805862,54.91943267,246.441153,0,4905.91598
1/6/2017 0:00,2,9.097510734,46.87917433,243.8832612,0,5049.84621
2/6/2017 0:00,2,6.997068446,40.34044897,245.1967461,0,5071.267307
3/6/2017 0:00,4,7.804846348,43.60245774,252.7685832,0,5000.817239
4/6/2017 0:00,5,9.624819096,40.65247532,271.04537,0,4469.047557
5/6/2017 0:00,4,9.811219734,32.07785128,262.2987696,0,4842.119657
6/6/2017 0:00,1,7.358389034,33.20828986,250.8590713,0,5074.550467
7/6/2017 0:00,1,8.050878219,36.21532339,244.3532276,0,4959.895668
8/6/2017 0:00,4,7.877097937,47.66232615,248.9895414,0,4889.525454
9/6/2017 0:00,2,7.945100238,48.47648382,251.8333167,0,4884.127621
10/6/2017 0:00,4,7.346572323,54.51636799,249.3457216,0,4788.99912
11/6/2017 0:00,5,7.053804417,54.56960672,244.6264173,0,4846.283305
12/6/2017 0:00,4,8.610863434,57.55999219,253.7843126,0,4351.63927
13/06/2017 0:00,5,10.74151533,55.91635672,261.0464449,0,4718.816859
14/06/2017 0:00,1,9.886591927,54.82422559,264.7589577,0,4734.378549
15/06/2017 0:00,2,11.597256,53.03742345,280.1248996,0,4556.272002
16/06/2017 0:00,4,12.76429021,49.35532161,292.094982,0,4456.014507
17/06/2017 0:00,4,12.25965625,49.58662843,288.280423,0,4570.849082
18/06/2017 0:00,1,11.34537323,53.12130769,259.0589033,0,4491.55167
19/06/2017 0:00,1,10.41822503,55.82328651,260.5182093,0,4602.934684
20/06/2017 0:00,4,10.27107477,51.42756176,247.5711497,1,4683.740296
21/06/2017 0:00,5,11.5551957,49.60620407,245.5414641,0,4631.621717
22/06/2017 0:00,1,13.27815927,46.83987043,306.9293572,0,4594.84504
23/06/2017 0:00,2,15.27178489,40.45128785,304.8896892,0,4614.072794
24/06/2017 0:00,5,15.87180383,35.10988045,307.8759034,0,4495.2469
25/06/2017 0:00,5,17.99407616,31.10996854,294.0204051,0,4397.068393
26/06/2017 0:00,1,16.57392257,41.06780877,293.9098881,0,4015.382166
27/06/2017 0:00,1,14.77943334,53.320108,272.9668245,0,2662.995816
28/06/2017 0:00,3,11.29699434,86.07105478,249.5189785,0.600000024,864.1357609
29/06/2017 0:00,2,10.26202502,67.0215434,297.4466948,0,3739.582014
30/06/2017 0:00,3,8.885602801,59.55472634,328.1067787,0,4587.995032
1/7/2017 0:00,2,8.807665793,57.09894941,317.8528183,0,4847.85517
2/7/2017 0:00,2,13.52608089,41.70730534,335.1495435,0,4675.287788
3/7/2017 0:00,3,16.11704544,36.24616549,310.0154714,0,4638.833783
4/7/2017 0:00,3,15.1285568,43.72671961,338.7985809,0,4502.784832
5/7/2017 0:00,3,13.64614849,34.3225133,303.3909663,0,4300.473496
6/7/2017 0:00,3,16.03015948,30.29778603,332.9947204,0,4406.739998
7/7/2017 0:00,4,9.513873188,33.99153115,315.3751523,0,4908.053715
8/7/2017 0:00,3,10.23294772,39.25020081,308.5560899,0,3624.382219
9/7/2017 0:00,3,9.127437231,58.44052854,314.5648397,2.000000238,2057.717203
10/7/2017 0:00,4,10.33152972,79.15691441,313.988108,0.200000003,2176.415939
12/7/2017 0:00,3,20.08929306,42.97761144,230.4957782,0,681.2136164
13/07/2017 0:00,3,18.95713236,49.32788959,311.8806336,0,4185.467572
14/07/2017 0:00,3,15.08973083,43.53085877,298.6472629,0,4852.255766
15/07/2017 0:00,1,11.70944972,51.0914411,306.0004623,0,4870.337609
16/07/2017 0:00,5,16.64139333,39.56119683,334.9016864,0,4925.050309
17/07/2017 0:00,1,16.45579702,36.11774431,313.2546798,0,4998.141689
18/07/2017 0:00,3,13.14880825,42.13928967,295.4909332,0,4956.784013
19/07/2017 0:00,4,9.691693328,49.71608702,299.615695,0,5019.434893
20/07/2017 0:00,4,11.2130312,41.93349863,322.1564259,0,5124.614648
21/07/2017 0:00,4,14.90277498,31.39227949,307.3931109,0,5131.291378
22/07/2017 0:00,5,16.22439037,26.7342492,307.0347847,0,5111.865459
23/07/2017 0:00,3,15.8802305,26.5290017,303.5036363,0,5124.54235
24/07/2017 0:00,3,15.28682426,27.91203889,297.9674942,0,5154.840022
25/07/2017 0:00,2,15.21311508,28.63021633,302.5537017,0,5236.35001
26/07/2017 0:00,3,16.17154459,26.30802002,302.7209709,0,5319.390294
27/07/2017 0:00,3,14.30051905,29.47793652,300.5060246,0,5369.120294
28/07/2017 0:00,4,15.92497195,25.70259572,311.6897913,0,5462.067512
29/07/2017 0:00,2,19.91575764,18.91065785,330.3507943,0,5364.463641
30/07/2017 0:00,5,20.25451152,24.51599424,282.2338898,0,4798.230578
31/07/2017 0:00,1,12.12265797,45.68735422,296.0464974,0,5218.791519
1/8/2017 0:00,1,18.16948885,30.33207941,309.0816639,0,5177.285717
2/8/2017 0:00,1,15.21494715,28.9443178,345.8165933,0,5154.334643
3/8/2017 0:00,5,10.70736454,51.05487349,312.4494498,0,5473.376606
4/8/2017 0:00,5,10.39251185,47.49145167,329.7434855,0,5584.002499
5/8/2017 0:00,4,12.22443621,37.25169074,318.9392126,0,5404.642858
6/8/2017 0:00,1,12.82877823,31.59753671,312.0936582,0,5695.630063
7/8/2017 0:00,3,12.50443627,32.21582495,317.6775257,0,5693.35544
8/8/2017 0:00,1,12.44792838,35.49101586,314.6108652,0,5731.351792
9/8/2017 0:00,3,16.94741579,24.79326565,329.2708871,0,5836.300494
10/8/2017 0:00,5,20.8366613,19.41499082,333.3516244,0,5699.221913
11/8/2017 0:00,4,14.53806607,32.97751666,259.3035642,0,5612.351488
12/8/2017 0:00,1,16.25488722,28.31930746,183.8812109,0,5768.106457
13/08/2017 0:00,4,21.04960838,19.71087799,210.4067575,0,5898.147477
14/08/2017 0:00,5,21.20164824,18.00453186,201.6263597,0,5924.048758
15/08/2017 0:00,1,24.28227274,15.35880361,241.7249215,0,5983.973153
16/08/2017 0:00,1,18.97138868,37.39861304,243.2264649,0,5648.298972
17/08/2017 0:00,1,19.88291684,39.37184789,330.0503828,0,5705.591808
18/08/2017 0:00,2,16.82306941,30.59367292,318.1053144,0,5769.2337
19/08/2017 0:00,1,15.42384354,27.29733806,324.5714091,0,5828.838535
20/08/2017 0:00,2,21.89191668,15.29410513,339.1018608,0,5726.510243
21/08/2017 0:00,5,19.3441237,26.44691137,344.6405743,0,5957.192221
22/08/2017 0:00,1,15.46967494,38.58332394,344.7541582,0,5945.480131
23/08/2017 0:00,1,17.3043383,36.13153001,311.981866,0,5939.628184
24/08/2017 0:00,4,14.92779312,34.78009556,280.0276016,0,6054.009443
25/08/2017 0:00,3,13.13016696,29.58722092,292.7029021,0,6282.915551
26/08/2017 0:00,1,13.35190744,25.46813636,303.2957793,0,6188.84283
27/08/2017 0:00,4,12.68554782,27.45304458,311.4370847,0,6491.608762
28/08/2017 0:00,1,11.50680939,32.9159646,308.3412269,0,6548.609101
29/08/2017 0:00,2,12.32169628,31.45559057,306.2438618,0,6483.829406
30/08/2017 0:00,4,12.55151124,32.11786906,309.1761331,0,6600.083571
31/08/2017 0:00,1,13.46582135,25.11368661,328.3527509,0,6660.573495
1/9/2017 0:00,2,16.44615055,16.8748301,302.9911718,0,6842.75527
2/9/2017 0:00,5,21.64609058,10.24489635,326.7573101,0,6968.443934
3/9/2017 0:00,2,17.80412914,26.889757,337.550757,0,6550.285298
4/9/2017 0:00,1,13.22947442,30.32681044,341.5107049,0,6830.765703
5/9/2017 0:00,4,13.37778806,30.54381357,303.6487492,0,6797.013148
6/9/2017 0:00,4,14.50485214,30.99120775,279.5032833,0,6846.244987
7/9/2017 0:00,4,14.96185159,29.65433229,293.3508464,0,6896.676133
8/9/2017 0:00,3,15.69106112,25.99195231,277.084829,0,5133.456395
9/9/2017 0:00,5,16.89492231,20.70562559,266.7566386,0,6662.264748
10/9/2017 0:00,1,16.36295843,18.80870174,301.5452908,0,7065.153887
11/9/2017 0:00,1,19.37683975,14.1845448,282.5989657,0,7162.358712
12/9/2017 0:00,1,24.29500505,11.85327615,215.860967,0,7226.036283
13/09/2017 0:00,2,20.09444544,24.40480583,257.9955091,0,6869.039771
14/09/2017 0:00,5,13.9214889,26.32118609,272.7427157,0,7483.168821
15/09/2017 0:00,3,13.38298579,25.19077935,272.9273811,0,7579.702097
16/09/2017 0:00,1,15.81551264,15.34249523,276.9223898,0,7612.259399
17/09/2017 0:00,5,16.36205912,13.93796315,294.8138871,0,7353.632096
18/09/2017 0:00,5,22.50089143,11.72179455,236.4886928,0,7229.157799
19/09/2017 0:00,5,19.51208245,31.78755251,237.732359,0,7250.265372
20/09/2017 0:00,2,21.53958383,25.16198622,239.3386907,0,7323.837324
21/09/2017 0:00,4,26.65223628,11.6536568,196.7348184,0,7244.106548
22/09/2017 0:00,1,29.95472403,9.019710865,231.708818,0,7311.095223
23/09/2017 0:00,4,30.70129363,10.77153566,263.8656369,0,6453.504464
24/09/2017 0:00,3,26.69726976,16.9953037,206.98798,0,6457.750378
25/09/2017 0:00,2,26.86290885,16.47021409,255.9825671,0,6724.817606
26/09/2017 0:00,3,28.07029771,10.85664321,226.5374779,0,7354.364223
27/09/2017 0:00,2,28.74840228,17.19703796,208.7213775,0,6932.174088
28/09/2017 0:00,1,23.0104696,32.4863137,250.5941335,0,5136.77503
29/09/2017 0:00,4,22.7248048,52.13963195,311.2108168,2.600000143,5619.735601
30/09/2017 0:00,2,14.43345007,80.10569412,324.5742884,7.199999332,1190.03523
1/10/2017 0:00,2,15.29350098,70.65738304,335.8104602,1.200000048,5691.834099
2/10/2017 0:00,4,16.02487,52.2710351,335.4839848,0,8063.330273
3/10/2017 0:00,1,20.46112373,31.39993328,339.3111955,0,7772.483077
4/10/2017 0:00,3,23.82639809,24.54748464,342.5534593,0,7723.64204
5/10/2017 0:00,1,27.16262659,19.06458256,343.9615479,0,7738.846123
6/10/2017 0:00,1,21.00538842,45.57117745,343.1158159,0,6238.865547
7/10/2017 0:00,2,22.26245282,56.65123384,318.8983739,2.800000429,2762.666585
8/10/2017 0:00,2,26.94645394,44.96959095,334.5742387,0.200000003,6621.911795
9/10/2017 0:00,2,28.39072859,31.98881828,336.6464752,0,5919.371144
10/10/2017 0:00,4,24.16685563,44.22822991,336.9994671,0,4442.065985
11/10/2017 0:00,4,23.71669224,61.30606377,308.7949894,9.399999619,4954.599804
12/10/2017 0:00,2,22.00611274,53.31205144,332.9608961,0,7800.280669
13/10/2017 0:00,5,22.68890525,28.10963877,327.980083,0,7827.24593
14/10/2017 0:00,1,22.16193373,25.6884404,327.5751558,0,7807.686739
15/10/2017 0:00,1,21.69315223,27.53440078,328.7455614,0,8301.85172
16/10/2017 0:00,1,22.53515413,24.70071649,330.6544575,0,8647.890557
17/10/2017 0:00,2,24.47274365,22.31997899,335.5644635,0,8491.243456
18/10/2017 0:00,3,25.92563536,24.16815136,341.8456887,0,8512.702695
19/10/2017 0:00,2,28.11305318,21.83455371,341.0384072,0,8239.750306
20/10/2017 0:00,3,26.37404005,35.72727994,341.8748251,0,8032.074986
21/10/2017 0:00,4,22.67915375,23.43139668,341.2945735,0,8858.99663
22/10/2017 0:00,5,20.16524907,18.4110576,328.2149048,0,9060.672165
23/10/2017 0:00,4,22.50026323,13.59019052,338.2302859,0,8952.502272
24/10/2017 0:00,5,28.50562001,10.56449485,338.3629444,0,8556.84829
25/10/2017 0:00,2,31.21916551,12.11568358,341.1612432,0,7865.564547
26/10/2017 0:00,4,29.99488162,18.79996561,342.4380048,0,7056.166412
27/10/2017 0:00,4,29.73144607,29.14971579,324.4060927,11.79999924,4775.567302
28/10/2017 0:00,3,26.34895632,49.58425489,321.4128982,0,7222.504619
29/10/2017 0:00,1,29.36940865,30.72827606,316.3102628,0,7900.65232
30/10/2017 0:00,4,22.60998692,28.30877208,335.6997265,0,8647.91717
31/10/2017 0:00,1,20.13335123,24.83505896,331.4259241,0,8892.106107
1/11/2017 0:00,5,19.46037843,23.4227429,323.597377,0,9231.527098
2/11/2017 0:00,5,20.92577208,20.69821133,327.4050417,0,9160.267581
3/11/2017 0:00,1,23.79060362,19.88252035,324.0581163,0,9101.387336
4/11/2017 0:00,5,28.36067163,13.87412785,334.7091467,0,9047.954579
5/11/2017 0:00,2,32.02916341,8.517569863,340.0671398,0,8764.695103
6/11/2017 0:00,3,27.24039494,19.98184624,341.5772056,0,8274.512759
7/11/2017 0:00,2,22.81514792,15.51745771,338.2230774,0.600000024,2460.817907
8/11/2017 0:00,4,19.92167263,23.42306873,333.0453706,0,1528.443931
9/11/2017 0:00,2,23.47808399,23.71713324,334.557261,0,8462.439042
10/11/2017 0:00,4,27.51071837,27.00720114,331.1289767,0,7962.830227
11/11/2017 0:00,3,19.33192929,78.61300366,277.0356931,22.40000725,688.5540174
12/11/2017 0:00,5,23.88038611,63.84806199,324.4296379,0.200000003,7781.43271
13/11/2017 0:00,2,22.43289703,70.73280451,290.709334,10.39999866,5097.491389
14/11/2017 0:00,1,25.1993453,53.46477218,326.9282141,0.600000024,6982.519903
15/11/2017 0:00,5,25.03997391,58.1006808,320.1946058,8.600000381,7680.695162
16/11/2017 0:00,4,22.75879765,67.00830536,311.8366625,3.600000381,6601.613467
17/11/2017 0:00,1,25.84825219,46.13391819,330.2977917,0,8150.880541
18/11/2017 0:00,3,28.43241084,34.68208252,327.1142803,0,8847.330518
19/11/2017 0:00,5,29.23969622,23.91090195,326.0980903,0,4940.009225
20/11/2017 0:00,2,29.68130915,26.46194281,332.2439311,0,7743.177584
21/11/2017 0:00,2,29.8645105,30.16677124,332.9075498,0,8429.091192
22/11/2017 0:00,1,29.26492504,28.61723208,323.3270841,0,8804.896085
23/11/2017 0:00,4,26.38049995,51.83490207,327.2843882,8.399999619,7835.807898
24/11/2017 0:00,5,26.51448967,47.46249786,342.3576495,0.200000003,8828.341287
25/11/2017 0:00,2,28.77937068,32.3259514,343.2762092,0,6702.914801
26/11/2017 0:00,4,25.62470069,52.84559351,339.8754748,0.800000012,5362.962459
27/11/2017 0:00,4,23.54204985,68.9723227,332.7276279,7.599998951,6139.295522
28/11/2017 0:00,1,27.77886876,44.91910262,338.3799596,0,8808.606661
29/11/2017 0:00,2,30.4466005,40.96422836,338.2495554,0,7475.101681
30/11/2017 0:00,2,30.94877806,39.11086259,338.4895677,0.400000006,7189.04916
1/12/2017 0:00,4,26.02482482,63.91340946,333.3707693,5,5226.063535
2/12/2017 0:00,4,22.11472028,43.41182267,340.2575821,0,9217.259857
3/12/2017 0:00,4,20.59048233,33.54343124,340.7772962,0,9520.454832
4/12/2017 0:00,5,20.49806165,29.05481923,340.9110384,0,9605.270157
5/12/2017 0:00,1,21.54780608,28.99215561,342.8376655,0,9292.752466
6/12/2017 0:00,5,26.2259133,19.46777341,340.6326313,0,6688.865064
7/12/2017 0:00,2,29.20003116,18.99005591,340.5145727,0,6028.642921
8/12/2017 0:00,2,25.42593904,29.80675003,329.9005143,0,8402.975069
9/12/2017 0:00,2,24.87675225,20.74696506,337.1452169,0,9280.817501
10/12/2017 0:00,4,25.3724615,15.83842255,339.8677067,0,9874.319705
11/12/2017 0:00,2,26.1535686,15.31723245,341.3094833,0,9408.451454
12/12/2017 0:00,2,28.9827673,14.75771669,340.0210029,0,9756.790104
13/12/2017 0:00,3,32.15223158,15.16216134,332.6474188,0,7490.667598
14/12/2017 0:00,2,30.53728457,29.94639524,335.7671582,0.600000024,6999.021243
15/12/2017 0:00,3,31.29715851,27.13579066,335.0054674,0,8573.767268
16/12/2017 0:00,1,32.74676368,23.96264714,335.6578608,0,8430.347135
17/12/2017 0:00,2,35.20193681,18.48027519,334.2649411,0,7948.476575
18/12/2017 0:00,2,36.27166208,18.71655622,334.6193639,0,7600.095287
19/12/2017 0:00,4,31.8510343,38.92165335,335.1893062,1.400000095,6391.154048
20/12/2017 0:00,4,27.34284131,41.75994673,318.8918431,0,8801.219845
21/12/2017 0:00,1,25.54209573,27.1748062,325.9482212,0,6158.140392
22/12/2017 0:00,5,27.33570771,24.56599139,239.32404,0,9426.752541
23/12/2017 0:00,3,30.54269897,18.16835019,250.4731961,0,9421.123101
24/12/2017 0:00,1,33.78382751,15.53873366,204.0350389,0,8500.836707
25/12/2017 0:00,5,33.20312785,23.36903819,191.0965256,15.80000019,6494.380244
26/12/2017 0:00,4,31.28996001,35.53479294,199.8546353,0,4328.394925
27/12/2017 0:00,3,33.62034177,27.77615769,203.8547191,0,7542.494173
28/12/2017 0:00,3,33.81838406,28.95116573,200.9241398,0,8075.943071
29/12/2017 0:00,4,33.50963867,32.64460909,196.0094945,0.200000003,7953.848517
30/12/2017 0:00,1,30.18301353,39.88392165,219.7300889,0,4358.828271
31/12/2017 0:00,5,31.45660574,31.74319724,266.0440843,0,7969.03571
1/1/2018 0:00,1,29.57864334,35.36895221,323.0973585,0,6337.324688
2/1/2018 0:00,3,27.23318086,37.57835753,310.357151,0,9017.447326
3/1/2018 0:00,5,25.79208148,19.28129769,303.8211311,0,9689.682307
4/1/2018 0:00,2,27.27460512,16.66989729,323.466064,0,9629.668552
5/1/2018 0:00,5,28.6235327,14.98984417,290.0330141,0,9619.408499
6/1/2018 0:00,2,32.10520559,13.24930018,311.2069552,0,9234.984973
7/1/2018 0:00,5,31.17826333,40.89727271,327.2814793,13.40000057,7968.610335
8/1/2018 0:00,5,32.54116263,34.05036654,300.9812894,0,8251.02933
9/1/2018 0:00,3,34.15400696,27.12201939,322.8801412,0,8934.204805
10/1/2018 0:00,3,34.09025178,22.69208136,328.0767794,0,7810.391714
11/1/2018 0:00,5,31.60303236,43.79966887,321.352919,11.59999657,6746.265215
12/1/2018 0:00,4,25.93669301,79.1080549,332.6405448,11.39999962,6054.954744
13/01/2018 0:00,5,27.41301307,66.1145275,334.0559181,10.39999962,5123.967665
14/01/2018 0:00,4,26.97478317,43.31471585,335.3400347,0,7885.244303
15/01/2018 0:00,3,25.12635738,22.49957895,311.5953434,0,9557.134174
16/01/2018 0:00,2,25.39351299,27.61347903,294.7217049,0,7722.471364
17/01/2018 0:00,4,28.83969361,28.6898058,347.1353555,0,9039.471306
18/01/2018 0:00,1,31.03016769,28.32051078,348.6952152,0,8820.299487
19/01/2018 0:00,2,29.41051407,43.03021279,340.1660326,3.600000143,5341.043789
20/01/2018 0:00,4,29.16621641,43.26602006,340.9624231,0,8386.996546
21/01/2018 0:00,1,31.84978573,22.98516631,337.2326472,0,8888.424663
22/01/2018 0:00,3,32.13368259,21.21306063,343.0952768,0,7835.183666
23/01/2018 0:00,4,35.05952544,17.0177483,335.7753369,0,8268.833153
24/01/2018 0:00,3,34.95182396,20.23422691,328.5531681,0,8491.587127
25/01/2018 0:00,4,34.52580874,23.35676357,322.1519221,0,8630.449725
26/01/2018 0:00,5,33.64159124,30.74367071,330.6082275,0,7338.597966
27/01/2018 0:00,4,33.54631009,34.24562835,332.2550782,0,7542.427721
28/01/2018 0:00,1,34.79017225,30.02206702,336.1614976,0,7661.111574
29/01/2018 0:00,3,34.75143035,27.61795431,337.8907068,0,8072.263242
30/01/2018 0:00,5,30.62214565,46.91820625,343.8536064,8.199999809,6824.864283
31/01/2018 0:00,2,25.95888437,67.38573339,344.9252973,9.800000191,7102.237496
1/2/2018 0:00,4,26.19055661,63.09887026,340.6306779,3.800000191,7004.644065
2/2/2018 0:00,4,26.73941935,65.50891868,331.8766023,6.199999809,7599.815642
3/2/2018 0:00,5,28.38876927,50.79306053,344.0786964,0.200000003,7578.631149
4/2/2018 0:00,4,28.28235484,26.64150816,227.7733903,0,8616.843424
5/2/2018 0:00,3,26.63248012,30.53729854,199.1577485,0,8854.955642
6/2/2018 0:00,3,29.6636953,25.38359388,193.5220846,0,8825.690584
7/2/2018 0:00,4,29.87890793,24.76948386,270.8470695,0,8695.411225
8/2/2018 0:00,1,31.08920338,19.88358368,182.9332202,0,8783.400543
9/2/2018 0:00,1,30.70499611,19.36111681,297.2078884,0,8635.809158
10/2/2018 0:00,2,30.86933175,17.33231793,306.5013387,0,8865.413365
11/2/2018 0:00,5,33.49637426,13.19039637,319.3909424,0,8795.070703
12/2/2018 0:00,3,34.46516703,17.11198103,320.0420797,0,7720.48896
13/02/2018 0:00,1,33.13341144,23.03183045,321.2948721,0,6274.481172
14/02/2018 0:00,1,31.06905841,34.48676376,310.8962561,0,6928.815611
15/02/2018 0:00,3,28.03840282,49.53872746,309.1072021,2.600000381,4244.982075
16/02/2018 0:00,4,28.45986771,47.01047756,295.8673199,0,4116.179013
17/02/2018 0:00,5,32.4773979,30.30814355,358.9870584,0,7066.480336
18/02/2018 0:00,3,33.55262815,28.85722485,315.3415534,0,7428.871961
19/02/2018 0:00,1,33.18805326,31.79835277,308.8911394,6.800000191,7737.235192
20/02/2018 0:00,3,33.07289432,34.84695906,310.5062404,0,7755.592488
21/02/2018 0:00,4,33.81522362,29.15649196,300.0633599,0,7698.654262
22/02/2018 0:00,5,33.7062669,24.57080995,302.1963651,0,7209.618569
23/02/2018 0:00,2,32.81148626,31.42429416,307.52768,1,7722.046727
24/02/2018 0:00,5,31.81975353,29.82841245,210.8720574,0,7982.843729
25/02/2018 0:00,1,28.70882894,26.33388876,194.4186651,0,7679.97322
26/02/2018 0:00,3,27.0335427,19.70439705,246.642379,0,8402.270599
27/02/2018 0:00,5,28.00296383,18.09691146,294.0116125,0,8545.019077
28/02/2018 0:00,4,27.96621421,15.50122123,270.5545492,0,8653.591469
1/3/2018 0:00,4,28.40703461,18.75781103,267.0058763,0,8192.750313
2/3/2018 0:00,2,28.7047754,18.50763294,292.4439179,0,8255.077972
3/3/2018 0:00,1,28.74958928,18.04928847,294.8019343,0,8259.620751
4/3/2018 0:00,2,29.50077416,20.25273599,249.1320625,0,7820.907814
5/3/2018 0:00,1,27.22503754,23.74578468,219.6138175,0,7902.321092
6/3/2018 0:00,3,25.27981476,21.06743105,254.4791523,0,8141.684305
7/3/2018 0:00,3,24.64871011,30.84107429,288.7929065,2.800000191,7570.539384
8/3/2018 0:00,1,20.91874337,92.88050967,259.6148671,27.20000839,1736.283648
9/3/2018 0:00,5,19.93221435,98.864406,100.3563225,17.79999733,1813.947403
10/3/2018 0:00,5,21.1374042,90.16671777,123.2774553,3.800000668,1963.614311
11/3/2018 0:00,5,24.1048936,60.86372876,70.64888899,0,5456.58486
12/3/2018 0:00,5,23.23403576,53.22149293,100.1242387,0,7827.026008
13/03/2018 0:00,1,23.82666166,43.75963647,141.5413061,0,7793.882123
14/03/2018 0:00,4,22.95710665,39.34354057,89.23057045,0,7796.934391
15/03/2018 0:00,4,22.0848649,37.08852687,35.18724487,0,8183.727147
16/03/2018 0:00,5,24.251294,32.58741623,47.47646788,0,8001.203114
17/03/2018 0:00,4,28.36732843,23.80646989,80.44988522,0,7769.565121
18/03/2018 0:00,4,1.973616044,21.18042481,101.8926925,0,3305.053389
19/03/2018 0:00,3,-37.37955756,2.449183128,100.8119089,0,353.9675263
20/03/2018 0:00,1,-24.46931549,7.956797596,92.73839099,0,325.1322706
21/03/2018 0:00,3,24.54382164,33.04384452,40.25465323,0,7257.845007
22/03/2018 0:00,5,24.98884966,39.27935076,26.10163326,0,6959.811698
23/03/2018 0:00,4,25.1421335,36.73150167,47.81127004,0,7337.502925
24/03/2018 0:00,2,24.40008996,43.71335148,47.16856482,0,7069.427178
25/03/2018 0:00,3,25.88055134,46.98191437,50.96944516,0,6930.263858
26/03/2018 0:00,5,23.08735551,37.32257602,71.06462901,0,7023.215323
27/03/2018 0:00,5,19.97882365,36.61631012,65.34890189,0,7460.85838
28/03/2018 0:00,2,22.69887001,32.93567442,72.3866001,0,7230.096121
29/03/2018 0:00,1,26.57986469,31.23903133,70.17703862,0,7044.830841
30/03/2018 0:00,5,25.16961279,31.0747659,74.91725406,0,7211.146922
31/03/2018 0:00,3,24.74566315,31.71841086,69.13573964,0,7008.999976
1/4/2018 0:00,1,25.29069416,28.69341849,75.00963059,0,7096.611322
2/4/2018 0:00,1,25.33552319,24.23386927,80.27789944,0,7077.332843
3/4/2018 0:00,5,23.17229752,31.44012198,70.99747242,0,7182.60555
4/4/2018 0:00,1,23.64137425,32.77023674,67.76127519,0,6710.111723
5/4/2018 0:00,5,24.04390489,30.73803559,58.8733334,0,6599.249831
6/4/2018 0:00,1,23.2316081,27.75013216,76.81219447,0,7029.402033
7/4/2018 0:00,2,24.15175471,26.29280595,67.9013451,0,6888.873287
8/4/2018 0:00,4,24.27279893,27.91588092,52.03585397,0,6863.669884
9/4/2018 0:00,5,24.63124482,30.96368759,47.13819641,0,6377.300329
10/4/2018 0:00,3,24.43392721,40.56231937,46.38211074,0.200000003,4201.587038
11/4/2018 0:00,5,24.50753541,50.94737839,49.70474479,0.200000003,1727.830946
12/4/2018 0:00,4,25.56848818,37.48573288,53.23867407,0,5925.439108
13/04/2018 0:00,1,26.37441443,27.48916958,42.79316405,0,6569.520391
14/04/2018 0:00,3,23.63923756,27.94755704,56.95563997,0,6473.740691
15/04/2018 0:00,1,20.28842592,37.19219699,66.08994586,0,6533.682592
16/04/2018 0:00,2,20.48416035,36.03984653,48.36616378,0,6539.987453
17/04/2018 0:00,5,20.55625002,38.91861606,64.40178674,0,6577.770882
18/04/2018 0:00,1,22.3675119,33.85568997,62.78451788,0,6266.893882
19/04/2018 0:00,3,26.4930984,24.25579344,63.12039739,0,6144.858494
20/04/2018 0:00,2,27.34453368,22.33079478,59.26900437,0,4553.626105
21/04/2018 0:00,2,24.75993904,26.12503513,37.95531376,0,5965.185051
22/04/2018 0:00,3,22.99261196,27.68987209,8.311773193,0,6328.388939
23/04/2018 0:00,4,21.66845502,29.24958708,22.54385175,0,6309.067412
24/04/2018 0:00,1,22.24271541,26.07831307,11.52653779,0,6171.408351
25/04/2018 0:00,2,22.53318123,24.98020569,9.30227674,0,5683.335933
26/04/2018 0:00,2,22.41064268,27.71280605,12.8714246,0,4377.995353
27/04/2018 0:00,3,23.22322204,30.09123907,18.75246111,0,5849.12414
28/04/2018 0:00,1,21.05389954,32.62594844,10.82935083,0,5866.79232
29/04/2018 0:00,5,17.94340487,31.22014619,9.251951343,0,5996.847619
30/04/2018 0:00,4,17.59002332,32.03899287,8.783645579,0,5951.182178
1/5/2018 0:00,3,20.3141237,29.34096958,8.095065186,0,4318.674007
2/5/2018 0:00,3,23.22171174,26.89330339,7.526378704,0,5411.506718
3/5/2018 0:00,2,25.09018326,28.48257989,9.862773844,0,3588.638573
4/5/2018 0:00,2,16.72263325,38.52393985,9.412019736,0,5435.281151
5/5/2018 0:00,3,13.94798429,37.33151386,8.051328235,0,5644.568629
6/5/2018 0:00,1,12.42405882,36.13500247,9.002032906,0,6058.677614
7/5/2018 0:00,4,14.78963265,29.75113585,8.341054938,0,5958.092821
8/5/2018 0:00,2,16.06201701,23.50483889,11.14976096,0,5878.704145
9/5/2018 0:00,3,16.70329906,26.94331279,8.715388027,0,5703.582578
10/5/2018 0:00,4,15.99651768,36.16260091,6.976610003,0,5737.614122
11/5/2018 0:00,1,12.24672903,49.82079577,6.616342952,0,5690.930525
12/5/2018 0:00,5,10.54320105,45.68093073,5.863842487,0,5705.552733
13/05/2018 0:00,1,10.28798792,42.52097895,7.418398564,0,5816.464111
14/05/2018 0:00,1,10.91710453,44.33745088,10.82995032,0,5668.146481
15/05/2018 0:00,3,10.96159933,42.01980374,10.54544245,0,5683.254471
16/05/2018 0:00,3,11.31273584,41.7093904,10.79785913,0,5596.685713
17/05/2018 0:00,3,10.69323011,49.64331148,11.46466944,0,5517.614436
18/05/2018 0:00,5,9.622182697,45.84448553,13.88971896,0,5299.102089
19/05/2018 0:00,5,9.07537703,46.00719784,14.0891668,0,5644.845311
20/05/2018 0:00,1,10.64416624,52.41378773,13.23369586,0,5437.903825
21/05/2018 0:00,2,11.6854108,52.57595513,8.108622117,0,5394.283933
22/05/2018 0:00,1,11.50303302,48.37917617,5.519079443,0,5240.675722
23/05/2018 0:00,4,11.59202886,46.63323402,4.841350845,0,2201.179359
24/05/2018 0:00,5,10.78077126,55.40525971,8.114677227,0,5306.284851
25/05/2018 0:00,3,13.87395964,47.76371147,11.24767663,0,5282.811844
26/05/2018 0:00,5,17.91619607,43.01913065,17.39935534,0,4837.699373
27/05/2018 0:00,1,20.11863865,40.60817169,22.30381258,0,4380.430215
28/05/2018 0:00,4,20.86259535,34.16003445,23.6421934,0,4619.512585
29/05/2018 0:00,3,17.31266519,43.58537977,28.43134888,0,4960.041992
30/05/2018 0:00,5,12.96176049,48.37724111,22.9424576,0,5065.265107
31/05/2018 0:00,5,10.06171095,39.21183657,20.62524674,0,4506.316459
1/6/2018 0:00,2,9.035671511,35.97662841,18.40997029,0,5434.987905
2/6/2018 0:00,5,9.852217169,36.46876175,17.53212521,0,5253.4552
3/6/2018 0:00,1,9.277271148,38.14160574,17.93660329,0,5287.696806
4/6/2018 0:00,5,8.679761105,37.15266374,20.72519409,0,5267.217313
5/6/2018 0:00,2,9.243553651,39.73787483,26.17438521,0,4717.690315
6/6/2018 0:00,2,13.21862227,32.45049114,34.43534102,0,5047.786002
7/6/2018 0:00,2,18.27893413,20.52317994,34.25841484,0,4544.166894
8/6/2018 0:00,5,20.58116985,20.49429803,33.83060347,0,4543.324059
9/6/2018 0:00,1,21.30949327,22.05678948,35.14497535,0,4798.040176
10/6/2018 0:00,5,23.38199086,20.40931349,35.70260008,0,4726.153619
11/6/2018 0:00,5,23.23225104,29.5222155,36.92436606,0,3207.773285
12/6/2018 0:00,2,16.83794613,41.16636619,39.07968326,0,4702.557768
13/06/2018 0:00,4,13.48348962,48.6693213,38.96508852,0,4828.348111
14/06/2018 0:00,2,10.73271678,49.66022492,39.10413217,0,5019.26737
15/06/2018 0:00,3,10.04490645,45.15232217,40.42437471,0,5057.43335
16/06/2018 0:00,3,9.935809431,52.70623322,37.41357924,0,4952.152078
17/06/2018 0:00,5,8.813250635,59.41499319,40.84701437,0,4991.143774
18/06/2018 0:00,5,6.179313537,52.82274014,41.45982223,0,5222.638773
19/06/2018 0:00,4,7.246585162,41.81030785,40.42076412,0,5112.645625
20/06/2018 0:00,3,9.326338107,36.99757079,40.77491544,0,5043.581424
21/06/2018 0:00,2,7.920775195,48.20939488,41.6049041,0,4990.459511
22/06/2018 0:00,3,7.269922925,50.91039233,42.07669785,0,5036.975281
23/06/2018 0:00,2,7.683648917,46.36750044,41.4666234,0,4958.105094
24/06/2018 0:00,2,8.612326009,46.02277228,41.13904717,0,5008.170937
25/06/2018 0:00,1,9.655707891,46.32323044,40.26816694,0,4894.463702
26/06/2018 0:00,2,9.174084941,47.1308594,41.09001225,0,4970.985733
27/06/2018 0:00,4,7.673745884,56.03129998,42.20254452,0,5053.451854
28/06/2018 0:00,5,8.053113154,52.44562759,41.21722335,0,5104.467569
29/06/2018 0:00,2,10.52712649,41.37328156,39.5242914,0,5143.854846
30/06/2018 0:00,5,10.03937831,39.25425771,40.92656804,0,4700.891418
1/7/2018 0:00,4,8.200035388,52.72165046,41.46494378,0,4953.182125
2/7/2018 0:00,2,8.692120542,47.16441136,37.4061203,0,5214.908338
3/7/2018 0:00,1,11.34385052,35.27714845,39.81070476,0,5159.618129
4/7/2018 0:00,5,13.6808606,28.10074531,35.80198713,0,5180.431625
5/7/2018 0:00,1,15.81100051,26.2175175,34.19201816,0,5087.094328
6/7/2018 0:00,5,12.72289177,41.56550687,40.55126201,0,4958.381861
7/7/2018 0:00,2,8.23644601,45.49533272,41.19487748,0,5183.543687
8/7/2018 0:00,3,9.593311327,48.81909422,41.49820884,0,5142.190847
9/7/2018 0:00,4,7.831734012,47.93496982,41.75828252,0,5247.478607
10/7/2018 0:00,3,6.992994334,52.87351116,40.54185495,0,5285.393263
11/7/2018 0:00,5,7.316191679,46.94411255,40.57082686,0,5320.485156
12/7/2018 0:00,4,6.367588228,39.43411625,40.1662871,0,5460.023894
13/07/2018 0:00,2,7.052331601,35.2487184,39.73203459,0,5486.882631
14/07/2018 0:00,1,7.961031806,26.19014208,38.33455374,0,5506.39714
15/07/2018 0:00,1,12.03403279,16.65825926,37.212532,0,5365.072501
16/07/2018 0:00,1,13.44324046,21.87593707,33.86857398,0,5350.530303
17/07/2018 0:00,5,14.74566322,19.09816989,30.69443924,0,5452.411237
18/07/2018 0:00,4,14.09478183,19.46054011,29.94665417,0,5511.714538
19/07/2018 0:00,1,15.90623999,19.26893001,28.93370944,0,5193.621382
20/07/2018 0:00,4,10.62545796,44.33464324,29.10332426,0,5299.219589
21/07/2018 0:00,3,12.9348118,41.40820169,29.54948206,0,5267.62691
22/07/2018 0:00,5,18.12598466,22.82819534,30.53976929,0,5298.633542
23/07/2018 0:00,4,20.84916439,18.66456305,32.93691299,0,5274.163808
24/07/2018 0:00,1,16.88196745,31.98252943,34.55206125,0,2838.715
25/07/2018 0:00,5,16.7261604,35.41210991,34.10619151,0,5189.529491
26/07/2018 0:00,4,20.10187767,23.51506689,34.14684777,0,5325.42643
27/07/2018 0:00,5,16.47106812,34.89862172,35.22801312,0,5357.701029
28/07/2018 0:00,2,13.2154891,51.37540552,35.05837335,0,5394.426446
29/07/2018 0:00,5,12.2282485,46.20332947,35.46483449,0,5565.057228
30/07/2018 0:00,1,13.33779942,39.71802564,35.03919511,0,5684.396506
31/07/2018 0:00,5,17.9666599,23.30841395,34.99236755,0,5536.976955
1/8/2018 0:00,1,19.6571908,18.53316015,35.23264712,0,5178.901012
2/8/2018 0:00,4,21.71356618,19.3223729,35.43731534,0,5083.559539
3/8/2018 0:00,2,10.8605016,45.41601244,36.6914483,0,5841.528559
4/8/2018 0:00,4,14.27627893,29.66048368,35.97248773,0,5818.180278
5/8/2018 0:00,5,17.66806158,19.17004484,36.19460469,0,5779.971606
6/8/2018 0:00,3,9.264756925,33.55474219,36.9163587,0,5974.110928
7/8/2018 0:00,4,8.971126476,36.16877403,36.56894255,0,5991.511949
8/8/2018 0:00,1,10.95425021,31.26655944,36.28014946,0,5996.21313
9/8/2018 0:00,3,14.48176135,23.4001456,35.82532467,0,6067.535455
10/8/2018 0:00,3,19.4246913,14.5361036,35.57381119,0,6192.514724
11/8/2018 0:00,4,10.81501597,38.20046382,37.3342171,0,5958.779415
12/8/2018 0:00,2,8.45288222,43.77630393,37.34413868,0,6023.332765
13/08/2018 0:00,2,9.152290497,44.00546526,37.26790321,0,6088.101536
14/08/2018 0:00,2,10.94755722,37.32099311,36.4894662,0,6213.011211
15/08/2018 0:00,3,14.43429084,23.79195409,35.31852441,0,6404.470643
16/08/2018 0:00,3,16.26704105,16.10912148,34.96458573,0,6391.467237
17/08/2018 0:00,5,15.36055034,18.61364767,35.28355153,0,6401.59713
18/08/2018 0:00,5,15.25878613,25.22033369,35.62319308,0,6296.693073
19/08/2018 0:00,3,11.59130652,40.19669877,36.79831594,0,6293.436456
20/08/2018 0:00,1,9.200205293,35.38198809,36.76406847,0,6648.812104
21/08/2018 0:00,1,12.03705365,19.5363833,36.01797342,0,6803.976144
22/08/2018 0:00,5,18.13007182,9.97890666,35.15837582,0,6584.121411
23/08/2018 0:00,4,14.9738184,23.3211082,36.09227953,0,6374.503499
24/08/2018 0:00,4,12.43871466,35.26906567,36.27262109,0,6494.179407
25/08/2018 0:00,2,11.75652951,48.22428446,36.30661227,0,6530.833665
26/08/2018 0:00,5,12.84688509,35.14312709,35.77814176,0,6723.709445
27/08/2018 0:00,2,14.38119208,23.31339532,35.2653506,0,6636.168318
28/08/2018 0:00,3,18.50893116,16.26245481,34.315122,0,6734.777043
29/08/2018 0:00,4,23.81834952,11.03966675,33.92459227,0,6571.403054
30/08/2018 0:00,2,24.66026732,18.52425241,33.64232916,0,5913.670375
31/08/2018 0:00,3,17.63716756,23.03356046,34.6241474,0,6927.483172
1/9/2018 0:00,4,15.96988518,32.09770788,34.54503328,0,6754.696616
2/9/2018 0:00,2,16.9487064,35.3938176,34.40252022,0,6688.853823
3/9/2018 0:00,1,17.18316459,33.77231494,34.35725957,0,6630.415289
4/9/2018 0:00,5,17.65315921,29.90219615,33.96801778,0,6791.471417
5/9/2018 0:00,4,23.81907999,19.05081881,32.78402346,0,6392.726637
6/9/2018 0:00,1,22.07009882,21.35969411,33.12075598,0,6901.793797
7/9/2018 0:00,4,16.17154679,29.93872859,34.17547001,0,7042.084207
8/9/2018 0:00,4,16.57643445,28.39303675,34.13159882,0,6990.44305
9/9/2018 0:00,5,16.33243591,23.2077349,34.22083693,0,7161.28997
10/9/2018 0:00,5,14.83393713,19.27489448,34.38473847,0,7468.156969
11/9/2018 0:00,5,22.00238906,10.634874,31.9788336,0,7327.841518
12/9/2018 0:00,1,17.84068295,35.85783229,34.4483264,0,6828.820191
13/09/2018 0:00,2,17.44443866,30.51763408,33.72571748,0,7199.490244
14/09/2018 0:00,3,25.25632975,12.68334023,30.80466476,0,7288.023242
15/09/2018 0:00,3,20.2385185,21.92869528,32.73577293,0,6981.299964
16/09/2018 0:00,4,13.74483185,24.75833723,35.68258674,0,7692.730252
17/09/2018 0:00,2,17.3958576,20.43390218,33.34911435,0,7462.078262
18/09/2018 0:00,5,25.32413934,12.95515564,30.94911247,0,6129.771804
19/09/2018 0:00,4,15.70339959,33.32174753,36.03987887,0,3744.399462
20/09/2018 0:00,3,13.83826028,32.15747773,37.17798404,0,4230.576197
21/09/2018 0:00,1,13.64515886,49.38776289,35.93917379,1.600000143,1154.943959
22/09/2018 0:00,4,15.40812874,54.72365444,34.5511272,0.200000003,7472.435853
23/09/2018 0:00,5,18.48683597,31.0077006,32.95202463,0,7726.081127
24/09/2018 0:00,3,19.48158338,19.35931594,32.79691176,0,7791.504804
25/09/2018 0:00,3,18.75806695,21.82897748,32.99942203,0,7700.886397
26/09/2018 0:00,2,19.21558602,19.75390634,32.41496925,0,7826.056573
27/09/2018 0:00,3,20.11469817,12.82411127,31.65179707,0,8044.847474
28/09/2018 0:00,5,25.20207396,7.869459912,30.30410298,0,7909.315845
29/09/2018 0:00,5,21.35741736,25.87902915,31.38423876,0,7611.958762
30/09/2018 0:00,1,23.98925101,20.41170656,30.5351398,0,7684.380971
1/10/2018 0:00,2,27.57195523,14.73177358,29.24862116,0,6712.317141
2/10/2018 0:00,5,27.6133012,14.50332379,28.91920877,0,5341.715416
3/10/2018 0:00,3,26.00020111,22.19521098,29.45279317,0,7499.790323
4/10/2018 0:00,5,21.18496525,40.23386435,31.05863183,0,7642.990669
5/10/2018 0:00,3,20.48042549,26.20258991,32.04660198,0,7812.734879
6/10/2018 0:00,3,23.34756885,21.36710511,30.19040906,0,4927.610227
7/10/2018 0:00,5,27.68424691,17.75449724,27.96961284,0,7512.877746
8/10/2018 0:00,1,28.55408504,18.16845099,28.97775033,0,4770.942799
9/10/2018 0:00,3,25.79787292,41.6776971,29.92535624,5.799999714,5200.712856
10/10/2018 0:00,5,22.09461746,52.10810896,31.8728003,0,7755.997987
11/10/2018 0:00,2,21.36954238,54.16808064,33.31563809,19.40000343,3751.539704
12/10/2018 0:00,2,22.71077056,53.81630053,33.09651054,0.800000012,6672.049371
13/10/2018 0:00,4,25.36077317,42.58359256,31.88788385,0,7248.440373
14/10/2018 0:00,1,31.41192377,20.65236361,29.84555897,0,7235.497875
15/10/2018 0:00,2,26.57153724,22.42133869,32.87159431,0,7467.729453
16/10/2018 0:00,5,21.01698295,32.64845821,35.43389088,0,8257.070412
17/10/2018 0:00,2,20.52227219,30.0947143,35.42528509,0,8427.522225
18/10/2018 0:00,1,24.47514774,22.83856213,33.84201562,0,8281.904448
19/10/2018 0:00,5,29.60449084,18.28647518,33.13233627,1.400000095,5969.23634
20/10/2018 0:00,1,22.58591496,30.49472849,35.45130001,0,8167.664075
21/10/2018 0:00,1,21.29041211,23.39550331,35.42696771,0,8499.939235
22/10/2018 0:00,4,27.25574638,17.08143864,33.44428482,0,8329.081837
23/10/2018 0:00,5,30.42612705,9.649808788,32.28654255,0,8497.685241
24/10/2018 0:00,4,27.18571894,16.27539342,33.16594814,0,7193.740537
25/10/2018 0:00,2,32.72660005,9.971431529,30.72092417,0,7963.52118
26/10/2018 0:00,3,31.61097454,19.3773566,30.63952294,0,7533.512495
27/10/2018 0:00,5,22.16897147,62.26315845,35.88609427,1.800000191,4679.952931
28/10/2018 0:00,1,24.42898083,54.48300552,34.52473374,1,5127.636211
29/10/2018 0:00,5,22.819919,55.82688665,35.74394663,0.200000003,1309.125794
30/10/2018 0:00,2,27.54486324,38.69875794,33.09904932,1,6036.958227
31/10/2018 0:00,2,29.89577655,25.95338157,32.43207415,0,2988.850614
1/11/2018 0:00,2,29.33697201,37.37413373,32.65209489,3.800000191,5716.427138
2/11/2018 0:00,4,29.09832418,38.43087873,31.79318788,0,4218.915026
3/11/2018 0:00,1,31.93121926,30.45279563,30.85269223,0,8222.810606
4/11/2018 0:00,4,33.06080969,28.75399459,31.35756321,0.200000003,6858.723611
5/11/2018 0:00,3,25.48283237,61.27270337,34.521868,9.599999428,3158.175408
6/11/2018 0:00,3,29.03186038,45.9117744,32.4692173,2.600000143,7141.449313
7/11/2018 0:00,1,16.36556916,89.10872075,38.5965704,9.199997902,1929.913116
8/11/2018 0:00,5,16.22828529,60.13590791,29.99409606,0.200000003,9134.128636
9/11/2018 0:00,4,19.08642561,40.45241679,27.05234479,0,8470.703785
10/11/2018 0:00,2,20.34970716,32.65177607,27.41749844,0,9035.590214
11/11/2018 0:00,5,21.79154286,27.24895705,28.01310944,0,9095.099462
12/11/2018 0:00,1,27.84916869,25.25851502,25.59766442,0,8316.188881
13/11/2018 0:00,2,28.82125404,26.89046909,30.88583798,0,6338.060128
14/11/2018 0:00,1,28.89358775,37.82444027,34.4851533,0,7408.191311
15/11/2018 0:00,1,29.35847222,33.77613397,34.93428396,0,8221.590272
16/11/2018 0:00,5,25.39554964,31.84038421,36.37438097,0,1599.23984
17/11/2018 0:00,4,23.43706617,39.94533721,36.82663883,0,1976.537733
18/11/2018 0:00,2,24.72574976,42.88794467,36.13816746,0,4642.732684
19/11/2018 0:00,4,30.79424871,23.14471002,34.50691072,0,8865.856813
20/11/2018 0:00,1,27.74486292,49.57825464,35.24247698,23.80000877,6896.742176
21/11/2018 0:00,5,18.2817995,94.56447474,37.89243693,11.79999447,1685.545885
22/11/2018 0:00,4,20.5185743,66.65405761,36.76821715,0.200000003,8250.152764
23/11/2018 0:00,4,26.06010789,42.90450737,35.53266846,0.600000024,8431.987597
24/11/2018 0:00,1,30.3042243,43.94788526,34.36934802,1.800000191,7840.561304
25/11/2018 0:00,1,28.37584563,29.03951586,34.61680328,0,8843.59676
26/11/2018 0:00,4,29.70373316,36.40962642,35.75725346,0.800000012,6284.112546
27/11/2018 0:00,5,27.74245412,31.77158541,35.7611482,0,8734.666162
28/11/2018 0:00,4,23.36058067,31.52620978,37.01496149,0,9074.102444
29/11/2018 0:00,1,27.37717657,28.89765005,37.86624711,0,8397.655078
30/11/2018 0:00,3,30.21261408,21.93042719,39.32610444,0,4924.219933
1/12/2018 0:00,3,27.83743456,32.28129148,39.77003739,0,3143.844314
2/12/2018 0:00,1,29.30996923,34.15555082,39.44574111,0,8780.920442
3/12/2018 0:00,2,24.54102627,56.08998962,39.89737455,3.200000525,3280.446319
4/12/2018 0:00,1,26.17482987,48.12059691,39.42031421,0,6042.841934
5/12/2018 0:00,5,27.23061781,30.80362668,39.30413553,0,7008.893552
6/12/2018 0:00,4,28.34759795,22.95251632,38.91948058,0,9472.285498
7/12/2018 0:00,5,30.24122143,21.45429552,38.44697593,0,8140.454962
8/12/2018 0:00,5,32.3596531,19.86632559,37.96829138,0,9016.497455
9/12/2018 0:00,5,31.76518979,20.40472722,37.82460021,0,9199.197065
10/12/2018 0:00,3,31.11078548,22.37166337,37.77519072,0,9063.163959
11/12/2018 0:00,5,31.97151564,20.3238125,37.28456337,0,9073.639233
12/12/2018 0:00,4,34.79351667,17.58091556,36.56540069,0.200000003,8013.535885
13/12/2018 0:00,1,29.11577606,31.65840422,37.30554556,0.600000024,8926.202383
14/12/2018 0:00,1,23.75038966,19.49651984,37.86805742,0,9603.178267
15/12/2018 0:00,2,24.23468994,17.22370297,37.39611096,0,9473.089633
16/12/2018 0:00,3,27.58565306,16.6856493,36.39522135,0,9678.21701
17/12/2018 0:00,2,31.45757851,16.25374143,35.12917013,0,9105.647471
18/12/2018 0:00,1,35.94172052,10.84559732,33.59139523,0,9091.739728
19/12/2018 0:00,4,35.04247709,17.74850271,32.98612409,0,9104.761886
20/12/2018 0:00,3,32.77061729,20.49178176,32.95867055,0,8912.555695
21/12/2018 0:00,5,30.52725712,22.85527387,33.39145904,0,8524.878274
22/12/2018 0:00,2,27.3724758,16.68812672,34.22752998,0,9137.684477
23/12/2018 0:00,4,25.06911816,15.32521135,34.3857741,0,9956.148933
24/12/2018 0:00,3,26.94462805,11.75720136,32.99262821,0,9956.150894
25/12/2018 0:00,1,29.76319807,10.94241663,31.17092146,0,9680.789291
26/12/2018 0:00,4,32.68546908,12.78725175,29.44908716,0,8167.392288
27/12/2018 0:00,2,34.82392597,12.7373907,27.93558264,0,9217.235255
28/12/2018 0:00,4,36.60383067,10.01681459,26.62124095,0,9365.470849
29/12/2018 0:00,2,37.37263996,11.52391112,25.95267245,0,8762.398267
30/12/2018 0:00,1,38.238177,11.78832365,24.59621413,0,9039.39939
31/12/2018 0:00,2,36.81132309,13.36762525,25.43019979,0,9121.782712
1/1/2019 0:00,5,34.69740449,15.5154358,25.7298831,0,9127.951849
2/1/2019 0:00,2,34.58289036,13.15456128,25.26107195,0,9193.798655
3/1/2019 0:00,3,36.22020625,10.27165305,24.39109855,0,8889.163965
4/1/2019 0:00,5,35.74345313,13.40656504,25.7676502,0,8545.88387
5/1/2019 0:00,1,31.8935395,19.22989853,29.7980802,0,8658.923906
6/1/2019 0:00,4,28.74725036,16.98998096,31.69107984,0,8836.070186
7/1/2019 0:00,3,28.81024479,15.0942757,30.49439506,0,9134.521627
8/1/2019 0:00,5,28.44058629,12.43373091,30.61062362,0,9349.182382
9/1/2019 0:00,1,29.07594031,12.86379506,30.84761831,0,9585.207589
10/1/2019 0:00,2,29.66527719,14.56851085,29.50756555,0,9425.386924
11/1/2019 0:00,4,33.31067357,19.13438826,26.56977571,0,8998.248616
12/1/2019 0:00,3,34.58341418,23.76908543,27.10578685,0.600000024,7884.491425
13/01/2019 0:00,4,34.41229841,18.22177551,26.55173234,0,8478.391568
14/01/2019 0:00,5,34.45521604,15.29218543,25.85444909,0,8848.649951
15/01/2019 0:00,1,36.25499056,12.91967951,24.82052045,0,8835.435149
16/01/2019 0:00,3,36.9573735,12.72205398,24.3567275,0,9110.261465
17/01/2019 0:00,2,35.80853295,22.3258968,26.37165173,0,7517.065678
18/01/2019 0:00,2,36.24328789,21.25604615,25.46138687,0,6956.890447
19/01/2019 0:00,1,34.96133614,21.35209541,26.77008712,0,8384.354352
20/01/2019 0:00,1,35.33318489,18.71507134,26.19632632,0,8866.598517
21/01/2019 0:00,2,34.92142934,13.37686398,26.37178523,0,8801.160685
22/01/2019 0:00,4,36.01068664,13.3656735,25.64611069,0,8806.255193
23/01/2019 0:00,2,37.13011202,14.30550532,24.95296771,0,7813.062163
24/01/2019 0:00,1,38.0851189,11.9288929,24.41045279,0,8851.475613
25/01/2019 0:00,1,36.87312891,17.79926455,24.97554304,0,6459.167322
26/01/2019 0:00,5,34.81890223,27.15703459,24.36930434,0,8268.299129
27/01/2019 0:00,1,29.94023259,30.36026465,25.67920242,0,8130.755959
28/01/2019 0:00,4,27.92575065,38.59509032,27.33412815,0,7754.142774
29/01/2019 0:00,4,31.69834099,24.98452215,24.89974856,0,7850.418696
30/01/2019 0:00,5,33.75905203,23.07110393,23.23725302,0,7066.257664
31/01/2019 0:00,2,32.41999225,29.90067728,24.41292938,0,8501.629416
1/2/2019 0:00,2,31.42618138,38.80395171,26.04836379,0,7336.5814
2/2/2019 0:00,2,28.60905682,42.86569965,27.57668951,0,5743.22167
3/2/2019 0:00,4,29.49100959,40.12353702,27.6054199,0,6420.652701
4/2/2019 0:00,4,30.66736209,29.14350193,26.75256913,0,8220.230157
5/2/2019 0:00,2,32.36597376,21.6484708,26.26932857,0,8211.652182
6/2/2019 0:00,4,32.72849618,18.09474151,25.46359412,0,8701.405631
7/2/2019 0:00,4,33.00429607,18.92766602,26.14199552,0,8628.224001
8/2/2019 0:00,4,32.24045348,16.3357003,29.66760714,0,8604.708325
9/2/2019 0:00,5,26.32040201,18.82794281,33.42332282,0,8913.411351
10/2/2019 0:00,3,25.06638711,21.00486929,32.80928043,0,9150.964397
11/2/2019 0:00,5,28.94846297,17.16077615,29.49716852,0,9032.166431
12/2/2019 0:00,2,32.31253855,12.69249234,28.23423889,0,7718.427859
13/02/2019 0:00,1,27.89163015,21.81902689,32.72847917,0,8612.178063
14/02/2019 0:00,1,24.21061893,19.06788837,34.13105413,0,8907.496132
15/02/2019 0:00,2,23.99940832,16.14929974,33.52058883,0,9164.85612
16/02/2019 0:00,5,25.25933453,13.20189887,32.23048666,0,9115.056708
17/02/2019 0:00,4,27.8521693,11.75062204,29.57499447,0,9020.269421
18/02/2019 0:00,4,30.75852961,10.54245699,27.8721588,0,8404.286932
19/02/2019 0:00,5,31.43124753,13.77904521,28.51214568,0,8542.019868
20/02/2019 0:00,2,30.36494194,18.14349498,29.97159833,0,8392.521986
21/02/2019 0:00,2,28.30302436,14.54983971,31.5243233,0,6556.307457
22/02/2019 0:00,1,26.52228554,14.8923897,32.4111731,0,8649.830847
23/02/2019 0:00,1,27.31270128,17.05857839,31.62221914,0,8406.021592
24/02/2019 0:00,2,29.78302958,19.92884504,30.20715434,0.400000006,8209.471493
25/02/2019 0:00,5,30.7337694,24.62464863,29.23109641,0,7564.880706
26/02/2019 0:00,2,30.036895,22.64885173,29.95737394,0,8022.071464
27/02/2019 0:00,2,29.41132229,19.94673582,29.49353294,0,8469.834753
28/02/2019 0:00,3,29.47604645,20.12630971,29.87396257,0,8092.961254
1/3/2019 0:00,2,31.43030217,19.05788743,28.98952505,0,8035.909233
2/3/2019 0:00,1,32.10709431,18.95537807,28.82621976,0,8004.680337
3/3/2019 0:00,4,30.89606765,19.47895221,29.17807792,0,7872.481598
4/3/2019 0:00,3,29.55865463,18.50635829,29.91776859,0,7820.664072
5/3/2019 0:00,4,29.5083306,19.21767572,29.668209,0,8170.839881
6/3/2019 0:00,4,27.76803074,24.07304788,32.15910205,0,7951.489981
7/3/2019 0:00,2,27.53841923,22.08413544,31.76511093,0,8065.825239
8/3/2019 0:00,1,27.685721,17.44898755,29.21795705,0,8303.184566
9/3/2019 0:00,1,28.59410271,11.96355692,24.02775382,0,8113.468953
10/3/2019 0:00,4,30.82172441,17.93752072,22.87741119,0,7764.714515
11/3/2019 0:00,5,33.23425461,19.70795085,21.01239206,0,7618.265383
12/3/2019 0:00,5,33.62383305,18.5643591,21.70886603,0,7525.015055
13/03/2019 0:00,3,30.19489163,26.34887984,24.71500885,0,7582.94237
14/03/2019 0:00,2,30.23526482,20.98223359,27.49539002,0,6661.52555
15/03/2019 0:00,4,28.22510535,17.41213698,31.63773283,0,5440.059417
16/03/2019 0:00,1,27.23505117,18.66421514,31.8451524,0,7157.326485
17/03/2019 0:00,3,26.70821004,15.31816875,32.12180582,0,7653.634842
18/03/2019 0:00,4,26.17988296,14.35591651,32.12801003,0,7633.305093
19/03/2019 0:00,1,27.2906531,18.33757986,31.49263718,0,7580.770989
20/03/2019 0:00,5,28.00654221,20.25230208,30.98487796,0,7539.773344
21/03/2019 0:00,3,28.41488159,21.26313407,30.92299386,0,7592.234684
22/03/2019 0:00,1,28.5464444,20.61891313,30.37187766,0,7484.243837
23/03/2019 0:00,4,30.70233175,19.69165588,29.33050862,0,7353.598349
24/03/2019 0:00,2,30.73896101,37.19905512,31.06448998,0,4917.965512
25/03/2019 0:00,2,24.90898302,64.57032969,34.786267,2.800000191,2629.941865
26/03/2019 0:00,4,23.42914944,34.68533117,33.4195055,0,7633.179496
27/03/2019 0:00,1,20.97155098,35.37524358,32.98536999,0,7423.750424
28/03/2019 0:00,5,21.23944828,29.39392616,31.82755621,0,7591.120335
29/03/2019 0:00,4,23.55215792,23.73594202,30.19506884,0,7330.269458
30/03/2019 0:00,5,21.12453855,30.99433204,31.25639864,0,7432.119936
31/03/2019 0:00,2,17.22120077,30.40149033,33.52444106,0,7572.246819
1/4/2019 0:00,4,18.11097238,27.67304893,32.67387054,0,7489.467254
2/4/2019 0:00,3,19.14438234,24.90777853,32.32170155,0,7488.484987
3/4/2019 0:00,5,19.93034245,23.70839058,31.73661185,0,7458.304376
4/4/2019 0:00,2,21.85634334,24.74984836,31.32112344,0,7223.44291
5/4/2019 0:00,5,24.2021064,29.54779126,31.12683754,0,6788.672721
6/4/2019 0:00,2,24.10487453,33.49598534,29.87729955,0,6759.844133
7/4/2019 0:00,4,24.43323923,32.90378745,30.30298236,0,6940.864532
8/4/2019 0:00,5,24.98301568,29.19669619,29.40915412,0,6788.766864
9/4/2019 0:00,2,25.65615633,27.41748392,29.32904773,0,6619.41313
10/4/2019 0:00,1,25.19258883,25.57390668,29.50076555,0,6623.459276
11/4/2019 0:00,2,21.31973291,28.85209168,31.12507829,0,6847.311016
12/4/2019 0:00,2,18.25837924,21.22708392,32.11533005,0,7187.549353
13/04/2019 0:00,1,20.16166219,16.83094456,30.99560514,0,6884.446876
14/04/2019 0:00,3,23.32573402,22.31067969,29.70708585,0,6590.091426
15/04/2019 0:00,2,24.11693148,23.94693405,28.80139371,0,6552.823898
16/04/2019 0:00,2,25.00332711,24.74464022,28.9657757,0,6387.858326
17/04/2019 0:00,3,24.82901058,26.03038267,29.2798353,0,5685.373933
18/04/2019 0:00,1,23.19545929,25.85262168,30.50342953,0,6449.516305
19/04/2019 0:00,1,22.53219783,26.25872082,30.99136435,0,6109.20645
20/04/2019 0:00,2,25.10399706,25.1502042,29.72898107,0,5894.354715
